shape_id,baseline,candidate,boundary,baseline_status,candidate_status,ratio,ci95,classification
gc_78e99ae160f2dd60,k0,k1,t_device_op_graph_us,PASS,PASS,1.184160966107349,"[1.147060668407662, 1.1906212408386994]",WIN
gc_78e99ae160f2dd60,k0,k1,t_api_us,PASS,PASS,1.017536969397736,"[1.015469311087992, 1.0313150881703428]",TIE
gc_78e99ae160f2dd60,k0,k2,t_device_op_graph_us,PASS,PASS,1.1585690158239994,"[1.1571364196560399, 1.1815793331928963]",WIN
gc_78e99ae160f2dd60,k0,k2,t_api_us,PASS,PASS,1.0180689480700185,"[1.0128860188470827, 1.0301691095942183]",TIE
gc_78e99ae160f2dd60,k0,k3,t_device_op_graph_us,PASS,PASS,1.1611831107412285,"[1.1571918489916102, 1.16488642661688]",WIN
gc_78e99ae160f2dd60,k0,k3,t_api_us,PASS,PASS,1.0212978431851032,"[1.0157755934905914, 1.035669906140724]",TIE
gc_78e99ae160f2dd60,k1,k2,t_device_op_graph_us,PASS,PASS,0.9783881152851398,"[0.9738856398829993, 1.0300931465404988]",TIE
gc_78e99ae160f2dd60,k1,k2,t_api_us,PASS,PASS,1.0005228101663934,"[0.9940299056933716, 1.0032969480034803]",TIE
gc_78e99ae160f2dd60,torch_cuda_tuned,k3,t_device_op_graph_us,PASS,PASS,0.9519153691176221,"[0.947514237820769, 0.9563150795192936]",UNCERTAIN
gc_78e99ae160f2dd60,torch_cuda_tuned,k3,t_api_us,PASS,PASS,0.4062690710532957,"[0.40208107920111713, 0.41033245795436035]",LOSS
gc_a22b31554556b791,k0,k1,t_device_op_graph_us,PASS,PASS,1.4008526770239385,"[1.3739399933643568, 1.4508808079492743]",WIN
gc_a22b31554556b791,k0,k1,t_api_us,PASS,PASS,1.024099979443313,"[1.0122391989938768, 1.0351596723828262]",TIE
gc_a22b31554556b791,k0,k2,t_device_op_graph_us,PASS,PASS,1.3490319101145416,"[1.341836149925856, 1.4210005302825104]",WIN
gc_a22b31554556b791,k0,k2,t_api_us,PASS,PASS,1.0312637638679287,"[1.0205042835681515, 1.038289568065019]",TIE
gc_a22b31554556b791,k0,k3,t_device_op_graph_us,PASS,PASS,1.2825870507878059,"[1.274844054937171, 1.3277811836979674]",WIN
gc_a22b31554556b791,k0,k3,t_api_us,PASS,PASS,1.0294093206172517,"[1.019626410237581, 1.0377910122433835]",TIE
gc_a22b31554556b791,k1,k2,t_device_op_graph_us,PASS,PASS,0.963007696841121,"[0.9600744520892817, 0.982538309099933]",TIE
gc_a22b31554556b791,k1,k2,t_api_us,PASS,PASS,1.006995200242568,"[0.9966816982391232, 1.0113425815935562]",TIE
gc_a22b31554556b791,torch_cuda_tuned,k3,t_device_op_graph_us,PASS,PASS,0.9570480915266916,"[0.9466036049362077, 0.9646856153906221]",UNCERTAIN
gc_a22b31554556b791,torch_cuda_tuned,k3,t_api_us,PASS,PASS,0.4630531479387902,"[0.45591474610662525, 0.47643121681891215]",LOSS
gc_9cd2cf8990c7cb77,k0,k1,t_device_op_graph_us,PASS,PASS,1.7079929994318568,"[1.7044844222552649, 1.743791909951601]",WIN
gc_9cd2cf8990c7cb77,k0,k1,t_api_us,PASS,PASS,1.0411548242626774,"[1.0331919862760244, 1.0488301589190243]",TIE
gc_9cd2cf8990c7cb77,k0,k2,t_device_op_graph_us,PASS,PASS,1.6162426945985944,"[1.612997976382206, 1.699577434435596]",WIN
gc_9cd2cf8990c7cb77,k0,k2,t_api_us,PASS,PASS,1.0414702001556704,"[1.0343805305408074, 1.0494065962877086]",TIE
gc_9cd2cf8990c7cb77,k0,k3,t_device_op_graph_us,PASS,PASS,1.4441336387305161,"[1.4387941493653824, 1.4671418296986183]",WIN
gc_9cd2cf8990c7cb77,k0,k3,t_api_us,PASS,PASS,1.0327293582440658,"[1.027727862895772, 1.0395503389416776]",TIE
gc_9cd2cf8990c7cb77,k1,k2,t_device_op_graph_us,PASS,PASS,0.9462818027569304,"[0.9432797840885234, 0.9748512243354107]",UNCERTAIN
gc_9cd2cf8990c7cb77,k1,k2,t_api_us,PASS,PASS,1.00030290969762,"[0.9947903130306659, 1.0085380858282689]",TIE
gc_9cd2cf8990c7cb77,torch_cuda_tuned,k3,t_device_op_graph_us,PASS,PASS,0.9899749333735774,"[0.9857639441358126, 0.9920009275501525]",TIE
gc_9cd2cf8990c7cb77,torch_cuda_tuned,k3,t_api_us,PASS,PASS,0.4719624654107614,"[0.4682422335726526, 0.4738850968288872]",LOSS
gc_ae2de9fe773a1e34,k0,k1,t_device_op_graph_us,PASS,PASS,2.2183092710194883,"[2.2009100448034222, 2.2355890052884626]",WIN
gc_ae2de9fe773a1e34,k0,k1,t_api_us,PASS,PASS,1.0747276363251737,"[1.0680478942061964, 1.0804678272251047]",WIN
gc_ae2de9fe773a1e34,k0,k2,t_device_op_graph_us,PASS,UNSUPPORTED,,,NOT_COMPARABLE
gc_ae2de9fe773a1e34,k0,k2,t_api_us,PASS,UNSUPPORTED,,,NOT_COMPARABLE
gc_ae2de9fe773a1e34,k0,k3,t_device_op_graph_us,PASS,PASS,1.7435001098202758,"[1.733710600230913, 1.7510796521941896]",WIN
gc_ae2de9fe773a1e34,k0,k3,t_api_us,PASS,PASS,1.0665545700778627,"[1.0635013068089352, 1.0729997969312088]",WIN
gc_ae2de9fe773a1e34,k1,k2,t_device_op_graph_us,PASS,UNSUPPORTED,,,NOT_COMPARABLE
gc_ae2de9fe773a1e34,k1,k2,t_api_us,PASS,UNSUPPORTED,,,NOT_COMPARABLE
gc_ae2de9fe773a1e34,torch_cuda_tuned,k3,t_device_op_graph_us,PASS,PASS,1.7049601862672217,"[1.6972729887648583, 1.7161801902109786]",WIN
gc_ae2de9fe773a1e34,torch_cuda_tuned,k3,t_api_us,PASS,PASS,0.7636285809677127,"[0.7371482107956584, 0.7916052197551573]",LOSS
gc_be9772e9b79ddcc0,k0,k1,t_device_op_graph_us,PASS,PASS,2.9775206488055086,"[2.97265322865976, 2.989480634801257]",WIN
gc_be9772e9b79ddcc0,k0,k1,t_api_us,PASS,PASS,1.4004263736350422,"[1.3942469334408645, 1.444059666773792]",WIN
gc_be9772e9b79ddcc0,k0,k2,t_device_op_graph_us,PASS,UNSUPPORTED,,,NOT_COMPARABLE
gc_be9772e9b79ddcc0,k0,k2,t_api_us,PASS,UNSUPPORTED,,,NOT_COMPARABLE
gc_be9772e9b79ddcc0,k0,k3,t_device_op_graph_us,PASS,PASS,1.9890337030107341,"[1.981294341912688, 1.998804008520399]",WIN
gc_be9772e9b79ddcc0,k0,k3,t_api_us,PASS,PASS,1.374390934295903,"[1.3673310254939806, 1.4236361317372792]",WIN
gc_be9772e9b79ddcc0,k1,k2,t_device_op_graph_us,PASS,UNSUPPORTED,,,NOT_COMPARABLE
gc_be9772e9b79ddcc0,k1,k2,t_api_us,PASS,UNSUPPORTED,,,NOT_COMPARABLE
gc_be9772e9b79ddcc0,torch_cuda_tuned,k3,t_device_op_graph_us,PASS,PASS,1.8730319645775881,"[1.8659665730214956, 1.8793607126845129]",WIN
gc_be9772e9b79ddcc0,torch_cuda_tuned,k3,t_api_us,PASS,PASS,1.2325286063485796,"[1.227321431687083, 1.2766458410053887]",WIN
gc_ab680a8f6762e0e0,k0,k1,t_device_op_graph_us,PASS,PASS,3.593187830833638,"[3.587707524853843, 3.602185482050568]",WIN
gc_ab680a8f6762e0e0,k0,k1,t_api_us,PASS,PASS,2.4008875280685356,"[2.367525869693537, 2.4856360883574675]",WIN
gc_ab680a8f6762e0e0,k0,k2,t_device_op_graph_us,PASS,UNSUPPORTED,,,NOT_COMPARABLE
gc_ab680a8f6762e0e0,k0,k2,t_api_us,PASS,UNSUPPORTED,,,NOT_COMPARABLE
gc_ab680a8f6762e0e0,k0,k3,t_device_op_graph_us,PASS,PASS,2.07709373228952,"[1.9481566773619727, 2.0789057558005473]",WIN
gc_ab680a8f6762e0e0,k0,k3,t_api_us,PASS,PASS,2.178618214706444,"[2.0580387132087674, 2.1833921608323283]",WIN
gc_ab680a8f6762e0e0,k1,k2,t_device_op_graph_us,PASS,UNSUPPORTED,,,NOT_COMPARABLE
gc_ab680a8f6762e0e0,k1,k2,t_api_us,PASS,UNSUPPORTED,,,NOT_COMPARABLE
gc_ab680a8f6762e0e0,torch_cuda_tuned,k3,t_device_op_graph_us,PASS,PASS,1.0332162313722986,"[0.970886136282825, 1.0360176899072713]",TIE
gc_ab680a8f6762e0e0,torch_cuda_tuned,k3,t_api_us,PASS,PASS,1.455390731224313,"[1.436109066277926, 1.490821626553428]",WIN
gc_5fa751e3a7f30b52,k0,k1,t_device_op_graph_us,PASS,PASS,3.888953752933444,"[3.883574415240642, 3.9401312581778782]",WIN
gc_5fa751e3a7f30b52,k0,k1,t_api_us,PASS,PASS,4.068860557524433,"[4.06366679719169, 4.132225616962417]",WIN
gc_5fa751e3a7f30b52,k0,k2,t_device_op_graph_us,PASS,UNSUPPORTED,,,NOT_COMPARABLE
gc_5fa751e3a7f30b52,k0,k2,t_api_us,PASS,UNSUPPORTED,,,NOT_COMPARABLE
gc_5fa751e3a7f30b52,k0,k3,t_device_op_graph_us,PASS,PASS,2.059452232476069,"[2.058423505045163, 2.203030054441121]",WIN
gc_5fa751e3a7f30b52,k0,k3,t_api_us,PASS,PASS,2.1352887469962165,"[2.133692386919578, 2.278870912368037]",WIN
gc_5fa751e3a7f30b52,k1,k2,t_device_op_graph_us,PASS,UNSUPPORTED,,,NOT_COMPARABLE
gc_5fa751e3a7f30b52,k1,k2,t_api_us,PASS,UNSUPPORTED,,,NOT_COMPARABLE
gc_5fa751e3a7f30b52,torch_cuda_tuned,k3,t_device_op_graph_us,PASS,PASS,0.524476796403435,"[0.52235745592411, 0.5250309436774339]",LOSS
gc_5fa751e3a7f30b52,torch_cuda_tuned,k3,t_api_us,PASS,PASS,0.6965848517525135,"[0.6796334079822087, 0.7030172682032871]",LOSS
gc_5f016b72a0d68851,k0,k1,t_device_op_graph_us,PASS,PASS,4.575231965734947,"[4.425783647191142, 4.578800460323033]",WIN
gc_5f016b72a0d68851,k0,k1,t_api_us,PASS,PASS,4.643982376532238,"[4.492273829596224, 4.646939607272268]",WIN
gc_5f016b72a0d68851,k0,k2,t_device_op_graph_us,PASS,UNSUPPORTED,,,NOT_COMPARABLE
gc_5f016b72a0d68851,k0,k2,t_api_us,PASS,UNSUPPORTED,,,NOT_COMPARABLE
gc_5f016b72a0d68851,k0,k3,t_device_op_graph_us,PASS,PASS,2.1345130517508024,"[2.133849540331552, 2.1353626750988055]",WIN
gc_5f016b72a0d68851,k0,k3,t_api_us,PASS,PASS,2.153521434707682,"[2.1530350054185328, 2.1542984020456415]",WIN
gc_5f016b72a0d68851,k1,k2,t_device_op_graph_us,PASS,UNSUPPORTED,,,NOT_COMPARABLE
gc_5f016b72a0d68851,k1,k2,t_api_us,PASS,UNSUPPORTED,,,NOT_COMPARABLE
gc_5f016b72a0d68851,torch_cuda_tuned,k3,t_device_op_graph_us,PASS,PASS,0.32465299467635794,"[0.32444795252078373, 0.32474182406262486]",LOSS
gc_5f016b72a0d68851,torch_cuda_tuned,k3,t_api_us,PASS,PASS,0.32409009446386977,"[0.32397073792381115, 0.32419979863847737]",LOSS
gc_ec7e1a0a64ff9301,k0,k1,t_device_op_graph_us,PASS,PASS,1.2088327906860121,"[1.2039487335780434, 1.2149651041089646]",WIN
gc_ec7e1a0a64ff9301,k0,k1,t_api_us,PASS,PASS,1.0236610267177144,"[1.0196793032828935, 1.0287218349579152]",TIE
gc_ec7e1a0a64ff9301,k0,k2,t_device_op_graph_us,PASS,PASS,1.1942655146888201,"[1.188551432598606, 1.1999999830227654]",WIN
gc_ec7e1a0a64ff9301,k0,k2,t_api_us,PASS,PASS,1.0252215869324783,"[1.021761730707349, 1.0276315654044486]",TIE
gc_ec7e1a0a64ff9301,k0,k3,t_device_op_graph_us,PASS,PASS,1.2754909265677088,"[1.2633534308256893, 1.279500303789487]",WIN
gc_ec7e1a0a64ff9301,k0,k3,t_api_us,PASS,PASS,1.0245552085307668,"[1.0209742923616991, 1.0286099491204908]",TIE
gc_ec7e1a0a64ff9301,k1,k2,t_device_op_graph_us,PASS,PASS,0.9879493043955855,"[0.9809919098171688, 0.9894036977523185]",TIE
gc_ec7e1a0a64ff9301,k1,k2,t_api_us,PASS,PASS,1.0015244892342612,"[0.9978762104673368, 1.0059623699025355]",TIE
gc_ec7e1a0a64ff9301,torch_cuda_tuned,k3,t_device_op_graph_us,PASS,PASS,0.9559525178679168,"[0.9483828176891972, 0.9648672825983036]",UNCERTAIN
gc_ec7e1a0a64ff9301,torch_cuda_tuned,k3,t_api_us,PASS,PASS,0.36714249808403865,"[0.36618278155495454, 0.3699854699025289]",LOSS
gc_dfa7d59269e0dcce,k0,k1,t_device_op_graph_us,PASS,PASS,1.4364707361706102,"[1.3623130707821933, 1.4422231411896684]",WIN
gc_dfa7d59269e0dcce,k0,k1,t_api_us,PASS,PASS,1.032941104460431,"[1.029213636540937, 1.049993781622424]",TIE
gc_dfa7d59269e0dcce,k0,k2,t_device_op_graph_us,PASS,PASS,1.3560727763047158,"[1.2942732974004714, 1.358625933769877]",WIN
gc_dfa7d59269e0dcce,k0,k2,t_api_us,PASS,PASS,1.0324253652182922,"[1.0285332310989217, 1.0496736347175695]",TIE
gc_dfa7d59269e0dcce,k0,k3,t_device_op_graph_us,PASS,PASS,1.4442549170456098,"[1.371520127544375, 1.4506198425482326]",WIN
gc_dfa7d59269e0dcce,k0,k3,t_api_us,PASS,PASS,1.0270289371392674,"[1.0149332856918152, 1.0446967040931467]",TIE
gc_dfa7d59269e0dcce,k1,k2,t_device_op_graph_us,PASS,PASS,0.9440309100342539,"[0.9386606674268857, 0.9529389526388926]",UNCERTAIN
gc_dfa7d59269e0dcce,k1,k2,t_api_us,PASS,PASS,0.9995007079881788,"[0.9947436602025594, 1.0102278376343081]",TIE
gc_dfa7d59269e0dcce,torch_cuda_tuned,k3,t_device_op_graph_us,PASS,PASS,1.0073256334591263,"[0.9637492468407517, 1.020517437152693]",TIE
gc_dfa7d59269e0dcce,torch_cuda_tuned,k3,t_api_us,PASS,PASS,0.5018473438297538,"[0.4926538144410852, 0.5072045259176058]",LOSS
gc_3aeb2889e7a3ff86,k0,k1,t_device_op_graph_us,PASS,PASS,1.7348841632906258,"[1.7242838537441196, 1.7710350225324165]",WIN
gc_3aeb2889e7a3ff86,k0,k1,t_api_us,PASS,PASS,1.0490183313210704,"[1.030768457400941, 1.056945615009524]",UNCERTAIN
gc_3aeb2889e7a3ff86,k0,k2,t_device_op_graph_us,PASS,PASS,1.6073044731545774,"[1.5953477437799692, 1.6191771881382195]",WIN
gc_3aeb2889e7a3ff86,k0,k2,t_api_us,PASS,PASS,1.0447621311820054,"[1.038729891985064, 1.0535627544754103]",UNCERTAIN
gc_3aeb2889e7a3ff86,k0,k3,t_device_op_graph_us,PASS,PASS,1.6531303218175437,"[1.6501984990772647, 1.6849755276227747]",WIN
gc_3aeb2889e7a3ff86,k0,k3,t_api_us,PASS,PASS,1.0488052150415683,"[1.0383506394376152, 1.0557243833387924]",UNCERTAIN
gc_3aeb2889e7a3ff86,k1,k2,t_device_op_graph_us,PASS,PASS,0.9264621276534897,"[0.9069912544664571, 0.934360077118201]",LOSS
gc_3aeb2889e7a3ff86,k1,k2,t_api_us,PASS,PASS,0.995942682780667,"[0.9908185890675417, 1.0157841710511588]",TIE
gc_3aeb2889e7a3ff86,torch_cuda_tuned,k3,t_device_op_graph_us,PASS,PASS,0.9843485621414619,"[0.9828626179155825, 0.9990638301808515]",TIE
gc_3aeb2889e7a3ff86,torch_cuda_tuned,k3,t_api_us,PASS,PASS,0.4875393248454126,"[0.4825406493351839, 0.4974804253193441]",LOSS
gc_3afce2b434a92a43,k0,k1,t_device_op_graph_us,PASS,PASS,2.2408853947539904,"[2.19934694515109, 2.2852062943939897]",WIN
gc_3afce2b434a92a43,k0,k1,t_api_us,PASS,PASS,1.0930485839296646,"[1.0889855843414513, 1.0988009951425066]",WIN
gc_3afce2b434a92a43,k0,k2,t_device_op_graph_us,PASS,UNSUPPORTED,,,NOT_COMPARABLE
gc_3afce2b434a92a43,k0,k2,t_api_us,PASS,UNSUPPORTED,,,NOT_COMPARABLE
gc_3afce2b434a92a43,k0,k3,t_device_op_graph_us,PASS,PASS,2.0146891983550055,"[1.9672817174300203, 2.025996241051406]",WIN
gc_3afce2b434a92a43,k0,k3,t_api_us,PASS,PASS,1.0901096638476142,"[1.083942485983885, 1.0946830184715763]",WIN
gc_3afce2b434a92a43,k1,k2,t_device_op_graph_us,PASS,UNSUPPORTED,,,NOT_COMPARABLE
gc_3afce2b434a92a43,k1,k2,t_api_us,PASS,UNSUPPORTED,,,NOT_COMPARABLE
gc_3afce2b434a92a43,torch_cuda_tuned,k3,t_device_op_graph_us,PASS,PASS,1.711123610956532,"[1.6968581726618766, 1.715092681648022]",WIN
gc_3afce2b434a92a43,torch_cuda_tuned,k3,t_api_us,PASS,PASS,0.7839816994228292,"[0.7634587159654049, 0.7986576752508121]",LOSS
gc_3e559a8fe1fbe169,k0,k1,t_device_op_graph_us,PASS,PASS,2.7057494809165106,"[2.5458180488890427, 2.713628564064385]",WIN
gc_3e559a8fe1fbe169,k0,k1,t_api_us,PASS,PASS,1.597573576788684,"[1.5864116286647894, 1.700599445443162]",WIN
gc_3e559a8fe1fbe169,k0,k2,t_device_op_graph_us,PASS,UNSUPPORTED,,,NOT_COMPARABLE
gc_3e559a8fe1fbe169,k0,k2,t_api_us,PASS,UNSUPPORTED,,,NOT_COMPARABLE
gc_3e559a8fe1fbe169,k0,k3,t_device_op_graph_us,PASS,PASS,2.263211728487911,"[2.2491240812333437, 2.272445106822301]",WIN
gc_3e559a8fe1fbe169,k0,k3,t_api_us,PASS,PASS,1.5925351846075506,"[1.5790498516705676, 1.7020156893790048]",WIN
gc_3e559a8fe1fbe169,k1,k2,t_device_op_graph_us,PASS,UNSUPPORTED,,,NOT_COMPARABLE
gc_3e559a8fe1fbe169,k1,k2,t_api_us,PASS,UNSUPPORTED,,,NOT_COMPARABLE
gc_3e559a8fe1fbe169,torch_cuda_tuned,k3,t_device_op_graph_us,PASS,PASS,1.8901292803495902,"[1.87780776611821, 1.903489645847868]",WIN
gc_3e559a8fe1fbe169,torch_cuda_tuned,k3,t_api_us,PASS,PASS,1.2644672121313913,"[1.2534798269933722, 1.3592954372274613]",WIN
gc_4bc024996397efd1,k0,k1,t_device_op_graph_us,PASS,PASS,3.100542472027338,"[3.0084632507291422, 3.1048326791028336]",WIN
gc_4bc024996397efd1,k0,k1,t_api_us,PASS,PASS,2.8082042485117773,"[2.794144574660395, 2.818984386679803]",WIN
gc_4bc024996397efd1,k0,k2,t_device_op_graph_us,PASS,UNSUPPORTED,,,NOT_COMPARABLE
gc_4bc024996397efd1,k0,k2,t_api_us,PASS,UNSUPPORTED,,,NOT_COMPARABLE
gc_4bc024996397efd1,k0,k3,t_device_op_graph_us,PASS,PASS,2.43720157845751,"[2.366518562006374, 2.4419896879169327]",WIN
gc_4bc024996397efd1,k0,k3,t_api_us,PASS,PASS,2.561590856521732,"[2.483349838546448, 2.564319422103313]",WIN
gc_4bc024996397efd1,k1,k2,t_device_op_graph_us,PASS,UNSUPPORTED,,,NOT_COMPARABLE
gc_4bc024996397efd1,k1,k2,t_api_us,PASS,UNSUPPORTED,,,NOT_COMPARABLE
gc_4bc024996397efd1,torch_cuda_tuned,k3,t_device_op_graph_us,PASS,PASS,1.0371961188381646,"[1.032087314088019, 1.0445073994172773]",TIE
gc_4bc024996397efd1,torch_cuda_tuned,k3,t_api_us,PASS,PASS,1.4502653212330632,"[1.44554080037951, 1.4997572388286338]",WIN
gc_2f9366efc6d12fd6,k0,k1,t_device_op_graph_us,PASS,PASS,3.278027914457758,"[3.275624237748205, 3.2831647134418254]",WIN
gc_2f9366efc6d12fd6,k0,k1,t_api_us,PASS,PASS,3.3779170840053627,"[3.374428694037963, 3.381626220588833]",WIN
gc_2f9366efc6d12fd6,k0,k2,t_device_op_graph_us,PASS,UNSUPPORTED,,,NOT_COMPARABLE
gc_2f9366efc6d12fd6,k0,k2,t_api_us,PASS,UNSUPPORTED,,,NOT_COMPARABLE
gc_2f9366efc6d12fd6,k0,k3,t_device_op_graph_us,PASS,PASS,2.446999236054838,"[2.4458256957644444, 2.4499526911805365]",WIN
gc_2f9366efc6d12fd6,k0,k3,t_api_us,PASS,PASS,2.516386586070519,"[2.5150651066845233, 2.5183159168441263]",WIN
gc_2f9366efc6d12fd6,k1,k2,t_device_op_graph_us,PASS,UNSUPPORTED,,,NOT_COMPARABLE
gc_2f9366efc6d12fd6,k1,k2,t_api_us,PASS,UNSUPPORTED,,,NOT_COMPARABLE
gc_2f9366efc6d12fd6,torch_cuda_tuned,k3,t_device_op_graph_us,PASS,PASS,0.5279542520915183,"[0.526893702872049, 0.5297718506843386]",LOSS
gc_2f9366efc6d12fd6,torch_cuda_tuned,k3,t_api_us,PASS,PASS,0.705538440350767,"[0.7021860802632492, 0.7285329788603574]",LOSS
gc_dabb582ec8f0952e,k0,k1,t_device_op_graph_us,PASS,PASS,3.3158569057316045,"[3.3139827577437013, 3.3172724688763684]",WIN
gc_dabb582ec8f0952e,k0,k1,t_api_us,PASS,PASS,3.3581826083204547,"[3.356404706626866, 3.3602194167524067]",WIN
gc_dabb582ec8f0952e,k0,k2,t_device_op_graph_us,PASS,UNSUPPORTED,,,NOT_COMPARABLE
gc_dabb582ec8f0952e,k0,k2,t_api_us,PASS,UNSUPPORTED,,,NOT_COMPARABLE
gc_dabb582ec8f0952e,k0,k3,t_device_op_graph_us,PASS,PASS,2.408289163173761,"[2.404223043460515, 2.4084578004202415]",WIN
gc_dabb582ec8f0952e,k0,k3,t_api_us,PASS,PASS,2.4204721235890463,"[2.417370693183651, 2.4221941736678585]",WIN
gc_dabb582ec8f0952e,k1,k2,t_device_op_graph_us,PASS,UNSUPPORTED,,,NOT_COMPARABLE
gc_dabb582ec8f0952e,k1,k2,t_api_us,PASS,UNSUPPORTED,,,NOT_COMPARABLE
gc_dabb582ec8f0952e,torch_cuda_tuned,k3,t_device_op_graph_us,PASS,PASS,0.3316212162147701,"[0.33141422237576923, 0.3324959601466348]",LOSS
gc_dabb582ec8f0952e,torch_cuda_tuned,k3,t_api_us,PASS,PASS,0.33067666040421684,"[0.330252982932771, 0.3308499352879372]",LOSS
gc_12a6be6336199cc1,k0,k1,t_device_op_graph_us,PASS,PASS,1.3223890849150493,"[1.262181267993304, 1.3285754123843383]",WIN
gc_12a6be6336199cc1,k0,k1,t_api_us,PASS,PASS,1.048061584544951,"[1.0433602881049338, 1.05610882823201]",UNCERTAIN
gc_12a6be6336199cc1,k0,k2,t_device_op_graph_us,PASS,PASS,1.4370303041510484,"[1.431941937523178, 1.4443885130163774]",WIN
gc_12a6be6336199cc1,k0,k2,t_api_us,PASS,PASS,1.0481789985788825,"[1.046441135381942, 1.054093011880168]",UNCERTAIN
gc_12a6be6336199cc1,k0,k3,t_device_op_graph_us,PASS,PASS,1.8175708318217412,"[1.7190532648140069, 1.8270937943419037]",WIN
gc_12a6be6336199cc1,k0,k3,t_api_us,PASS,PASS,1.0549660273034407,"[1.0521067241897555, 1.0607317567553447]",WIN
gc_12a6be6336199cc1,k1,k2,t_device_op_graph_us,PASS,PASS,1.0866925026406762,"[1.0825771567994147, 1.1377582297637392]",WIN
gc_12a6be6336199cc1,k1,k2,t_api_us,PASS,PASS,1.0001120297086192,"[0.9949415810124299, 1.0057844142460848]",TIE
gc_12a6be6336199cc1,torch_cuda_tuned,k3,t_device_op_graph_us,PASS,PASS,1.0529347847250332,"[0.9966354412056537, 1.0635545630460324]",UNCERTAIN
gc_12a6be6336199cc1,torch_cuda_tuned,k3,t_api_us,PASS,PASS,0.3937318270305865,"[0.3919685375440514, 0.39721485520580796]",LOSS
gc_ccafda2438d25cd0,k0,k1,t_device_op_graph_us,PASS,PASS,1.6832253682276772,"[1.6803348074729143, 1.802811241912632]",WIN
gc_ccafda2438d25cd0,k0,k1,t_api_us,PASS,PASS,1.0747330001127275,"[1.06520563077021, 1.0836152613256456]",WIN
gc_ccafda2438d25cd0,k0,k2,t_device_op_graph_us,PASS,PASS,1.6935379245023896,"[1.691606412534342, 1.7118540868923169]",WIN
gc_ccafda2438d25cd0,k0,k2,t_api_us,PASS,PASS,1.0793647698273794,"[1.0696686686374108, 1.0850348082857686]",WIN
gc_ccafda2438d25cd0,k0,k3,t_device_op_graph_us,PASS,PASS,2.2258009940952883,"[2.2065187599559355, 2.3825538743962174]",WIN
gc_ccafda2438d25cd0,k0,k3,t_api_us,PASS,PASS,1.0915801821002202,"[1.0825407443731088, 1.0947896802343076]",WIN
gc_ccafda2438d25cd0,k1,k2,t_device_op_graph_us,PASS,PASS,1.00612666400434,"[0.9500548248582105, 1.0093820738059731]",UNCERTAIN
gc_ccafda2438d25cd0,k1,k2,t_api_us,PASS,PASS,1.0043096933974913,"[0.9968616989594004, 1.0072519195398941]",TIE
gc_ccafda2438d25cd0,torch_cuda_tuned,k3,t_device_op_graph_us,PASS,PASS,1.0917104565479099,"[1.0717844123662417, 1.150770123449105]",WIN
gc_ccafda2438d25cd0,torch_cuda_tuned,k3,t_api_us,PASS,PASS,0.5216289754578198,"[0.511716255878432, 0.5246326824664695]",LOSS
gc_e6299d9827421cfd,k0,k1,t_device_op_graph_us,PASS,PASS,2.228634656799089,"[2.2202931846779834, 2.3530122297055756]",WIN
gc_e6299d9827421cfd,k0,k1,t_api_us,PASS,PASS,1.33225208752243,"[1.323397810824377, 1.4051117846244428]",WIN
gc_e6299d9827421cfd,k0,k2,t_device_op_graph_us,PASS,PASS,1.9929564787942515,"[1.9870093365641959, 1.9967480602915912]",WIN
gc_e6299d9827421cfd,k0,k2,t_api_us,PASS,PASS,1.336361556556273,"[1.3285167757041019, 1.4035813863257514]",WIN
gc_e6299d9827421cfd,k0,k3,t_device_op_graph_us,PASS,PASS,2.7823091582335757,"[2.7711567998892446, 2.791976015539662]",WIN
gc_e6299d9827421cfd,k0,k3,t_api_us,PASS,PASS,1.343067558206374,"[1.3361997008563324, 1.4157912055105566]",WIN
gc_e6299d9827421cfd,k1,k2,t_device_op_graph_us,PASS,PASS,0.8942499717098837,"[0.8453272059276735, 0.8959075261440869]",LOSS
gc_e6299d9827421cfd,k1,k2,t_api_us,PASS,PASS,1.0030846031860872,"[0.991617478953631, 1.0087424212790927]",TIE
gc_e6299d9827421cfd,torch_cuda_tuned,k3,t_device_op_graph_us,PASS,PASS,1.1477025511804937,"[1.1332390970795145, 1.1526384006372976]",WIN
gc_e6299d9827421cfd,torch_cuda_tuned,k3,t_api_us,PASS,PASS,0.5056327164284696,"[0.503440146125017, 0.5326832561293063]",LOSS
gc_63fdc70ecbe82a98,k0,k1,t_device_op_graph_us,PASS,PASS,2.6691322379393387,"[2.646066417161497, 2.673748757528512]",WIN
gc_63fdc70ecbe82a98,k0,k1,t_api_us,PASS,PASS,2.1985467232722837,"[2.1964644040767434, 2.284359051222379]",WIN
gc_63fdc70ecbe82a98,k0,k2,t_device_op_graph_us,PASS,UNSUPPORTED,,,NOT_COMPARABLE
gc_63fdc70ecbe82a98,k0,k2,t_api_us,PASS,UNSUPPORTED,,,NOT_COMPARABLE
gc_63fdc70ecbe82a98,k0,k3,t_device_op_graph_us,PASS,PASS,3.3332146162794727,"[3.3238582542426727, 3.426339311769576]",WIN
gc_63fdc70ecbe82a98,k0,k3,t_api_us,PASS,PASS,2.211199952831893,"[2.2056138067506454, 2.2938098810213368]",WIN
gc_63fdc70ecbe82a98,k1,k2,t_device_op_graph_us,PASS,UNSUPPORTED,,,NOT_COMPARABLE
gc_63fdc70ecbe82a98,k1,k2,t_api_us,PASS,UNSUPPORTED,,,NOT_COMPARABLE
gc_63fdc70ecbe82a98,torch_cuda_tuned,k3,t_device_op_graph_us,PASS,PASS,1.9669554921266557,"[1.9613974257875946, 1.9688971192501683]",WIN
gc_63fdc70ecbe82a98,torch_cuda_tuned,k3,t_api_us,PASS,PASS,1.2443838743862137,"[1.2407121564431864, 1.2844516303348548]",WIN
gc_b8fcb46fab464a6d,k0,k1,t_device_op_graph_us,PASS,PASS,2.951620887871352,"[2.9470318861435416, 2.9605327709117497]",WIN
gc_b8fcb46fab464a6d,k0,k1,t_api_us,PASS,PASS,3.046082729548085,"[3.0405805146768548, 3.0499123052849377]",WIN
gc_b8fcb46fab464a6d,k0,k2,t_device_op_graph_us,PASS,UNSUPPORTED,,,NOT_COMPARABLE
gc_b8fcb46fab464a6d,k0,k2,t_api_us,PASS,UNSUPPORTED,,,NOT_COMPARABLE
gc_b8fcb46fab464a6d,k0,k3,t_device_op_graph_us,PASS,PASS,3.8798532958350065,"[3.8690946224604317, 3.891537803572308]",WIN
gc_b8fcb46fab464a6d,k0,k3,t_api_us,PASS,PASS,3.971092094407687,"[3.9624308194854256, 3.9966083499319827]",WIN
gc_b8fcb46fab464a6d,k1,k2,t_device_op_graph_us,PASS,UNSUPPORTED,,,NOT_COMPARABLE
gc_b8fcb46fab464a6d,k1,k2,t_api_us,PASS,UNSUPPORTED,,,NOT_COMPARABLE
gc_b8fcb46fab464a6d,torch_cuda_tuned,k3,t_device_op_graph_us,PASS,PASS,2.225946540284182,"[2.22306788726447, 2.234537780519934]",WIN
gc_b8fcb46fab464a6d,torch_cuda_tuned,k3,t_api_us,PASS,PASS,2.212106971652889,"[2.20681787570514, 2.2273884294476267]",WIN
gc_bb4dd9bf9d7b428e,k0,k1,t_device_op_graph_us,PASS,PASS,3.1327574544446177,"[3.1309548456017167, 3.1334061592659213]",WIN
gc_bb4dd9bf9d7b428e,k0,k1,t_api_us,PASS,PASS,3.1879304320700714,"[3.182186672683329, 3.1939841193298966]",WIN
gc_bb4dd9bf9d7b428e,k0,k2,t_device_op_graph_us,PASS,UNSUPPORTED,,,NOT_COMPARABLE
gc_bb4dd9bf9d7b428e,k0,k2,t_api_us,PASS,UNSUPPORTED,,,NOT_COMPARABLE
gc_bb4dd9bf9d7b428e,k0,k3,t_device_op_graph_us,PASS,PASS,4.251888200281976,"[4.248907577675257, 4.256605138066552]",WIN
gc_bb4dd9bf9d7b428e,k0,k3,t_api_us,PASS,PASS,4.3188108318553455,"[4.316975564477394, 4.334142243641839]",WIN
gc_bb4dd9bf9d7b428e,k1,k2,t_device_op_graph_us,PASS,UNSUPPORTED,,,NOT_COMPARABLE
gc_bb4dd9bf9d7b428e,k1,k2,t_api_us,PASS,UNSUPPORTED,,,NOT_COMPARABLE
gc_bb4dd9bf9d7b428e,torch_cuda_tuned,k3,t_device_op_graph_us,PASS,PASS,0.6848873287585087,"[0.6821000995502947, 0.6904775677730879]",LOSS
gc_bb4dd9bf9d7b428e,torch_cuda_tuned,k3,t_api_us,PASS,PASS,0.9021066747415323,"[0.8982069190940757, 0.9296324957924529]",LOSS
gc_e234e01021864d54,k0,k1,t_device_op_graph_us,PASS,PASS,3.2626215098482243,"[3.2574139203813517, 3.266190187369014]",WIN
gc_e234e01021864d54,k0,k1,t_api_us,PASS,PASS,3.310811394701295,"[3.3043966132816482, 3.319755976605956]",WIN
gc_e234e01021864d54,k0,k2,t_device_op_graph_us,PASS,UNSUPPORTED,,,NOT_COMPARABLE
gc_e234e01021864d54,k0,k2,t_api_us,PASS,UNSUPPORTED,,,NOT_COMPARABLE
gc_e234e01021864d54,k0,k3,t_device_op_graph_us,PASS,PASS,4.440389486445192,"[4.432433905875518, 4.443190072020053]",WIN
gc_e234e01021864d54,k0,k3,t_api_us,PASS,PASS,4.529294816721698,"[4.518190820248186, 4.536244927732017]",WIN
gc_e234e01021864d54,k1,k2,t_device_op_graph_us,PASS,UNSUPPORTED,,,NOT_COMPARABLE
gc_e234e01021864d54,k1,k2,t_api_us,PASS,UNSUPPORTED,,,NOT_COMPARABLE
gc_e234e01021864d54,torch_cuda_tuned,k3,t_device_op_graph_us,PASS,PASS,0.3264002165066327,"[0.325764064498812, 0.32700667001590417]",LOSS
gc_e234e01021864d54,torch_cuda_tuned,k3,t_api_us,PASS,PASS,0.43664935910747876,"[0.42651284113157417, 0.44217971998161165]",LOSS
gc_f49992cd44897fbf,k0,k1,t_device_op_graph_us,PASS,PASS,3.31478650177085,"[3.309829068475095, 3.4044804683214576]",WIN
gc_f49992cd44897fbf,k0,k1,t_api_us,PASS,PASS,3.3172009515589758,"[3.31355113682696, 3.362568891200252]",WIN
gc_f49992cd44897fbf,k0,k2,t_device_op_graph_us,PASS,UNSUPPORTED,,,NOT_COMPARABLE
gc_f49992cd44897fbf,k0,k2,t_api_us,PASS,UNSUPPORTED,,,NOT_COMPARABLE
gc_f49992cd44897fbf,k0,k3,t_device_op_graph_us,PASS,PASS,5.04144499452719,"[5.031925091766831, 5.176388764557145]",WIN
gc_f49992cd44897fbf,k0,k3,t_api_us,PASS,PASS,5.058759372100772,"[5.050001541875856, 5.131353951525479]",WIN
gc_f49992cd44897fbf,k1,k2,t_device_op_graph_us,PASS,UNSUPPORTED,,,NOT_COMPARABLE
gc_f49992cd44897fbf,k1,k2,t_api_us,PASS,UNSUPPORTED,,,NOT_COMPARABLE
gc_f49992cd44897fbf,torch_cuda_tuned,k3,t_device_op_graph_us,PASS,PASS,0.21150490797083243,"[0.21124168696776865, 0.21831885645061178]",LOSS
gc_f49992cd44897fbf,torch_cuda_tuned,k3,t_api_us,PASS,PASS,0.21212901478963625,"[0.21186845774850452, 0.218621496086549]",LOSS
gc_cdad9cfa0ae813f4,k0,k1,t_device_op_graph_us,PASS,PASS,1.5477556309036935,"[1.5449603118915176, 1.550636780595809]",WIN
gc_cdad9cfa0ae813f4,k0,k1,t_api_us,PASS,PASS,1.65461371730905,"[1.6506258113746048, 1.6606910716443155]",WIN
gc_cdad9cfa0ae813f4,k0,k2,t_device_op_graph_us,PASS,PASS,1.8308905454239253,"[1.8247341900455183, 1.8324155055615918]",WIN
gc_cdad9cfa0ae813f4,k0,k2,t_api_us,PASS,PASS,1.6782998602626493,"[1.6723771313941826, 1.722683082549856]",WIN
gc_cdad9cfa0ae813f4,k0,k3,t_device_op_graph_us,PASS,PASS,3.1031156981132986,"[3.095474139731475, 3.1075712630788437]",WIN
gc_cdad9cfa0ae813f4,k0,k3,t_api_us,PASS,PASS,1.7354030064944856,"[1.729299442213251, 1.7855692281483204]",WIN
gc_cdad9cfa0ae813f4,k1,k2,t_device_op_graph_us,PASS,PASS,1.1829325695005979,"[1.1791666578262625, 1.1845459666914822]",WIN
gc_cdad9cfa0ae813f4,k1,k2,t_api_us,PASS,PASS,1.0143152100733945,"[1.0118207255817464, 1.0372045888244412]",TIE
gc_cdad9cfa0ae813f4,torch_cuda_tuned,k3,t_device_op_graph_us,PASS,PASS,1.4962307641420676,"[1.488063262362378, 1.502524487817644]",WIN
gc_cdad9cfa0ae813f4,torch_cuda_tuned,k3,t_api_us,PASS,PASS,0.747223539643839,"[0.7445027445999025, 0.7707462482761699]",LOSS
gc_1540a8f231ee8086,k0,k1,t_device_op_graph_us,PASS,PASS,2.072586695473482,"[2.0693385222138265, 2.076792642863918]",WIN
gc_1540a8f231ee8086,k0,k1,t_api_us,PASS,PASS,2.184972892585047,"[2.181685356242861, 2.1943770133760503]",WIN
gc_1540a8f231ee8086,k0,k2,t_device_op_graph_us,PASS,PASS,2.1941673130935495,"[2.190958084965938, 2.197235488114962]",WIN
gc_1540a8f231ee8086,k0,k2,t_api_us,PASS,PASS,2.3000978826426013,"[2.294305732160611, 2.3084251340136905]",WIN
gc_1540a8f231ee8086,k0,k3,t_device_op_graph_us,PASS,PASS,3.895455036883,"[3.890322776190139, 3.906715841194876]",WIN
gc_1540a8f231ee8086,k0,k3,t_api_us,PASS,PASS,2.410028686788005,"[2.388973730892785, 2.462703191139803]",WIN
gc_1540a8f231ee8086,k1,k2,t_device_op_graph_us,PASS,PASS,1.058661294065816,"[1.0562473078844319, 1.0601786043110701]",WIN
gc_1540a8f231ee8086,k1,k2,t_api_us,PASS,PASS,1.0526894363075368,"[1.0503809786101166, 1.0549784806963924]",WIN
gc_1540a8f231ee8086,torch_cuda_tuned,k3,t_device_op_graph_us,PASS,PASS,1.5627391930553518,"[1.5616038688855647, 1.5655035792330787]",WIN
gc_1540a8f231ee8086,torch_cuda_tuned,k3,t_api_us,PASS,PASS,0.910033557210417,"[0.901993666428016, 0.9294186623370766]",LOSS
gc_89f7910f07a199fb,k0,k1,t_device_op_graph_us,PASS,PASS,2.7956702226215793,"[2.770023445254483, 2.831414977535654]",WIN
gc_89f7910f07a199fb,k0,k1,t_api_us,PASS,PASS,2.893094096177339,"[2.8779557386783545, 2.9345632179488823]",WIN
gc_89f7910f07a199fb,k0,k2,t_device_op_graph_us,PASS,PASS,2.4226242399842954,"[2.3921389471035397, 2.4411712082302244]",WIN
gc_89f7910f07a199fb,k0,k2,t_api_us,PASS,PASS,2.5111120227567696,"[2.482212933873966, 2.526262465107017]",WIN
gc_89f7910f07a199fb,k0,k3,t_device_op_graph_us,PASS,PASS,4.487387111873806,"[4.443837529894607, 4.590839456278458]",WIN
gc_89f7910f07a199fb,k0,k3,t_api_us,PASS,PASS,3.8776009023963427,"[3.850812411893257, 3.9875241764119846]",WIN
gc_89f7910f07a199fb,k1,k2,t_device_op_graph_us,PASS,PASS,0.8665629516604901,"[0.855466085415101, 0.8731052420923717]",LOSS
gc_89f7910f07a199fb,k1,k2,t_api_us,PASS,PASS,0.8679676288699754,"[0.8578800205427525, 0.8717096074284648]",LOSS
gc_89f7910f07a199fb,torch_cuda_tuned,k3,t_device_op_graph_us,PASS,PASS,1.6433121024228603,"[1.6335376835749214, 1.672053373806915]",WIN
gc_89f7910f07a199fb,torch_cuda_tuned,k3,t_api_us,PASS,PASS,1.3622536795627491,"[1.355696008806159, 1.3919747820618986]",WIN
gc_500c5dfd21669b0e,k0,k1,t_device_op_graph_us,PASS,PASS,3.1218725458004335,"[3.0542744524669603, 3.1796158532161667]",WIN
gc_500c5dfd21669b0e,k0,k1,t_api_us,PASS,PASS,3.1821265298409083,"[3.1157624213423096, 3.239827776003089]",WIN
gc_500c5dfd21669b0e,k0,k2,t_device_op_graph_us,PASS,UNSUPPORTED,,,NOT_COMPARABLE
gc_500c5dfd21669b0e,k0,k2,t_api_us,PASS,UNSUPPORTED,,,NOT_COMPARABLE
gc_500c5dfd21669b0e,k0,k3,t_device_op_graph_us,PASS,PASS,4.9758762407037,"[4.870499519711594, 5.078959990843543]",WIN
gc_500c5dfd21669b0e,k0,k3,t_api_us,PASS,PASS,5.149398221232124,"[5.043799926964866, 5.2479146534969825]",WIN
gc_500c5dfd21669b0e,k1,k2,t_device_op_graph_us,PASS,UNSUPPORTED,,,NOT_COMPARABLE
gc_500c5dfd21669b0e,k1,k2,t_api_us,PASS,UNSUPPORTED,,,NOT_COMPARABLE
gc_500c5dfd21669b0e,torch_cuda_tuned,k3,t_device_op_graph_us,PASS,PASS,1.5059921980014352,"[1.4976813086343648, 1.5535661132102088]",WIN
gc_500c5dfd21669b0e,torch_cuda_tuned,k3,t_api_us,PASS,PASS,2.999158131609878,"[2.988026732126126, 3.019159053977263]",WIN
gc_08874e600e039f7d,k0,k1,t_device_op_graph_us,PASS,PASS,3.0972068440981917,"[3.0606007443643946, 3.1996832217632485]",WIN
gc_08874e600e039f7d,k0,k1,t_api_us,PASS,PASS,3.1584189921658554,"[3.1195035407609866, 3.2567943597926976]",WIN
gc_08874e600e039f7d,k0,k2,t_device_op_graph_us,PASS,UNSUPPORTED,,,NOT_COMPARABLE
gc_08874e600e039f7d,k0,k2,t_api_us,PASS,UNSUPPORTED,,,NOT_COMPARABLE
gc_08874e600e039f7d,k0,k3,t_device_op_graph_us,PASS,PASS,5.0980100992516375,"[5.041267677442489, 5.26943394813237]",WIN
gc_08874e600e039f7d,k0,k3,t_api_us,PASS,PASS,5.209492416807825,"[5.136000991355348, 5.366969198174517]",WIN
gc_08874e600e039f7d,k1,k2,t_device_op_graph_us,PASS,UNSUPPORTED,,,NOT_COMPARABLE
gc_08874e600e039f7d,k1,k2,t_api_us,PASS,UNSUPPORTED,,,NOT_COMPARABLE
gc_08874e600e039f7d,torch_cuda_tuned,k3,t_device_op_graph_us,PASS,PASS,0.85170704627309,"[0.8305663583455214, 0.8697485340674279]",LOSS
gc_08874e600e039f7d,torch_cuda_tuned,k3,t_api_us,PASS,PASS,0.995049517381304,"[0.9767355907810037, 1.0267531325371035]",TIE
gc_c6f48f627057f0ac,k0,k1,t_device_op_graph_us,PASS,PASS,3.137828501204677,"[3.1080597222875, 3.178374940771048]",WIN
gc_c6f48f627057f0ac,k0,k1,t_api_us,PASS,PASS,3.1700130810522915,"[3.136689983064427, 3.2099626193513457]",WIN
gc_c6f48f627057f0ac,k0,k2,t_device_op_graph_us,PASS,UNSUPPORTED,,,NOT_COMPARABLE
gc_c6f48f627057f0ac,k0,k2,t_api_us,PASS,UNSUPPORTED,,,NOT_COMPARABLE
gc_c6f48f627057f0ac,k0,k3,t_device_op_graph_us,PASS,PASS,5.237319249967551,"[5.099863502055221, 5.309452465527796]",WIN
gc_c6f48f627057f0ac,k0,k3,t_api_us,PASS,PASS,5.289062580227196,"[5.156250072236458, 5.361911063484927]",WIN
gc_c6f48f627057f0ac,k1,k2,t_device_op_graph_us,PASS,UNSUPPORTED,,,NOT_COMPARABLE
gc_c6f48f627057f0ac,k1,k2,t_api_us,PASS,UNSUPPORTED,,,NOT_COMPARABLE
gc_c6f48f627057f0ac,torch_cuda_tuned,k3,t_device_op_graph_us,PASS,PASS,0.4972165387724864,"[0.48734448880778164, 0.5007462545952168]",LOSS
gc_c6f48f627057f0ac,torch_cuda_tuned,k3,t_api_us,PASS,PASS,0.49852331728826604,"[0.4891550647123668, 0.5017952984884343]",LOSS
gc_483c7e77e85eb244,k0,k1,t_device_op_graph_us,PASS,PASS,3.1733944213666767,"[3.132172613910711, 3.2444315921456197]",WIN
gc_483c7e77e85eb244,k0,k1,t_api_us,PASS,PASS,3.1947630567459613,"[3.1645270134107912, 3.253816488984726]",WIN
gc_483c7e77e85eb244,k0,k2,t_device_op_graph_us,PASS,UNSUPPORTED,,,NOT_COMPARABLE
gc_483c7e77e85eb244,k0,k2,t_api_us,PASS,UNSUPPORTED,,,NOT_COMPARABLE
gc_483c7e77e85eb244,k0,k3,t_device_op_graph_us,PASS,PASS,5.345119864632695,"[5.2917135062103355, 5.403092267767645]",WIN
gc_483c7e77e85eb244,k0,k3,t_api_us,PASS,PASS,5.395589340230063,"[5.346481747028993, 5.439991740536436]",WIN
gc_483c7e77e85eb244,k1,k2,t_device_op_graph_us,PASS,UNSUPPORTED,,,NOT_COMPARABLE
gc_483c7e77e85eb244,k1,k2,t_api_us,PASS,UNSUPPORTED,,,NOT_COMPARABLE
gc_483c7e77e85eb244,torch_cuda_tuned,k3,t_device_op_graph_us,PASS,PASS,0.1888718479480462,"[0.18641263326845056, 0.1934232479280009]",LOSS
gc_483c7e77e85eb244,torch_cuda_tuned,k3,t_api_us,PASS,PASS,0.1918188633998885,"[0.18960255544120688, 0.1977343245158284]",LOSS
gc_4e22e14c732223d0,k0,k1,t_device_op_graph_us,PASS,PASS,3.029939895467564,"[2.9906535172220554, 3.1339992803484695]",WIN
gc_4e22e14c732223d0,k0,k1,t_api_us,PASS,PASS,2.98788902062738,"[2.948326871525255, 3.08421612615425]",WIN
gc_4e22e14c732223d0,k0,k2,t_device_op_graph_us,PASS,UNSUPPORTED,,,NOT_COMPARABLE
gc_4e22e14c732223d0,k0,k2,t_api_us,PASS,UNSUPPORTED,,,NOT_COMPARABLE
gc_4e22e14c732223d0,k0,k3,t_device_op_graph_us,PASS,PASS,5.049603915557845,"[4.909381419498175, 5.153115002703072]",WIN
gc_4e22e14c732223d0,k0,k3,t_api_us,PASS,PASS,4.916063877839604,"[4.781205157454062, 5.019152029194738]",WIN
gc_4e22e14c732223d0,k1,k2,t_device_op_graph_us,PASS,UNSUPPORTED,,,NOT_COMPARABLE
gc_4e22e14c732223d0,k1,k2,t_api_us,PASS,UNSUPPORTED,,,NOT_COMPARABLE
gc_4e22e14c732223d0,torch_cuda_tuned,k3,t_device_op_graph_us,PASS,PASS,0.12182146797691729,"[0.11832885818787636, 0.12465878253002922]",LOSS
gc_4e22e14c732223d0,torch_cuda_tuned,k3,t_api_us,PASS,PASS,0.12008645978509896,"[0.11659976366946154, 0.12309405133780883]",LOSS
gc_866eddd9507e8dc4,k0,k1,t_device_op_graph_us,PASS,PASS,1.8479373086189121,"[1.8386409008409392, 1.860810076430809]",WIN
gc_866eddd9507e8dc4,k0,k1,t_api_us,PASS,PASS,1.8853973374044213,"[1.8762643751242272, 1.8985120741221566]",WIN
gc_866eddd9507e8dc4,k0,k2,t_device_op_graph_us,PASS,PASS,2.2935853486820936,"[2.275942748559495, 2.3100268440926035]",WIN
gc_866eddd9507e8dc4,k0,k2,t_api_us,PASS,PASS,2.3450681194018435,"[2.3237868472665175, 2.3618563940643247]",WIN
gc_866eddd9507e8dc4,k0,k3,t_device_op_graph_us,PASS,PASS,4.301680393164233,"[4.18600394452632, 4.330890900700702]",WIN
gc_866eddd9507e8dc4,k0,k3,t_api_us,PASS,PASS,4.478114030210551,"[4.360605289962234, 4.50813650347807]",WIN
gc_866eddd9507e8dc4,k1,k2,t_device_op_graph_us,PASS,PASS,1.2411597179106926,"[1.2331886198874713, 1.242216977415447]",WIN
gc_866eddd9507e8dc4,k1,k2,t_api_us,PASS,PASS,1.2438057871823662,"[1.2328032544378698, 1.2444203757212549]",WIN
gc_866eddd9507e8dc4,torch_cuda_tuned,k3,t_device_op_graph_us,PASS,PASS,1.7937218566804292,"[1.7606517199674308, 1.8108116023679053]",WIN
gc_866eddd9507e8dc4,torch_cuda_tuned,k3,t_api_us,PASS,PASS,1.7900693523282656,"[1.7400451227643754, 1.8037265120218435]",WIN
gc_6f81a9cf603b5464,k0,k1,t_device_op_graph_us,PASS,PASS,2.466382243259792,"[2.411924098245056, 2.527222358158607]",WIN
gc_6f81a9cf603b5464,k0,k1,t_api_us,PASS,PASS,2.5172325348014506,"[2.463612552426106, 2.574994948106285]",WIN
gc_6f81a9cf603b5464,k0,k2,t_device_op_graph_us,PASS,PASS,2.7679283492675473,"[2.6957622892430186, 2.7986591588145875]",WIN
gc_6f81a9cf603b5464,k0,k2,t_api_us,PASS,PASS,2.824712130538892,"[2.758604947411871, 2.8512469791959805]",WIN
gc_6f81a9cf603b5464,k0,k3,t_device_op_graph_us,PASS,PASS,5.342501787705664,"[5.241776161747532, 5.499871391885539]",WIN
gc_6f81a9cf603b5464,k0,k3,t_api_us,PASS,PASS,5.5296947377266985,"[5.424705558204232, 5.675559215141825]",WIN
gc_6f81a9cf603b5464,k1,k2,t_device_op_graph_us,PASS,PASS,1.1222625190526854,"[1.076966178367228, 1.1397966241629034]",WIN
gc_6f81a9cf603b5464,k1,k2,t_api_us,PASS,PASS,1.1221498576259639,"[1.0801689834115986, 1.141915045839006]",WIN
gc_6f81a9cf603b5464,torch_cuda_tuned,k3,t_device_op_graph_us,PASS,PASS,1.9117472946056988,"[1.8824823554959809, 1.9482577680670021]",WIN
gc_6f81a9cf603b5464,torch_cuda_tuned,k3,t_api_us,PASS,PASS,1.92165407488868,"[1.894355702863861, 1.9547677784404613]",WIN
gc_81b055502d0e876d,k0,k1,t_device_op_graph_us,PASS,PASS,3.350798987288311,"[3.255312314188961, 3.4285329549926913]",WIN
gc_81b055502d0e876d,k0,k1,t_api_us,PASS,PASS,3.39712731279844,"[3.305072345912621, 3.45719566310552]",WIN
gc_81b055502d0e876d,k0,k2,t_device_op_graph_us,PASS,PASS,2.8875851743193492,"[2.7055861762085205, 3.0392503339262897]",WIN
gc_81b055502d0e876d,k0,k2,t_api_us,PASS,PASS,2.921149352398176,"[2.736090880501374, 3.0626047251649284]",WIN
gc_81b055502d0e876d,k0,k3,t_device_op_graph_us,PASS,PASS,5.580340758852006,"[5.3796518790190175, 5.682525636480887]",WIN
gc_81b055502d0e876d,k0,k3,t_api_us,PASS,PASS,5.705012521707244,"[5.497448246017085, 5.809150228755719]",WIN
gc_81b055502d0e876d,k1,k2,t_device_op_graph_us,PASS,PASS,0.8617601907108654,"[0.8254758266113658, 0.8997966120993202]",LOSS
gc_81b055502d0e876d,k1,k2,t_api_us,PASS,PASS,0.8598881005704291,"[0.8253601897526185, 0.8956682159182774]",LOSS
gc_81b055502d0e876d,torch_cuda_tuned,k3,t_device_op_graph_us,PASS,PASS,1.8298367937310016,"[1.7386506240508433, 1.8992069906985671]",WIN
gc_81b055502d0e876d,torch_cuda_tuned,k3,t_api_us,PASS,PASS,1.83313692298874,"[1.7398858981815117, 1.9001254454073224]",WIN
gc_8a0b54c68d8468fb,k0,k1,t_device_op_graph_us,PASS,PASS,3.653129327270352,"[3.5098738724209184, 3.711165856925944]",WIN
gc_8a0b54c68d8468fb,k0,k1,t_api_us,PASS,PASS,3.6754762643340757,"[3.5293267118059974, 3.718426826480003]",WIN
gc_8a0b54c68d8468fb,k0,k2,t_device_op_graph_us,PASS,UNSUPPORTED,,,NOT_COMPARABLE
gc_8a0b54c68d8468fb,k0,k2,t_api_us,PASS,UNSUPPORTED,,,NOT_COMPARABLE
gc_8a0b54c68d8468fb,k0,k3,t_device_op_graph_us,PASS,PASS,5.608842387163452,"[5.416709558863102, 5.889578945122547]",WIN
gc_8a0b54c68d8468fb,k0,k3,t_api_us,PASS,PASS,5.662407728491704,"[5.4912443455566, 5.957842970624442]",WIN
gc_8a0b54c68d8468fb,k1,k2,t_device_op_graph_us,PASS,UNSUPPORTED,,,NOT_COMPARABLE
gc_8a0b54c68d8468fb,k1,k2,t_api_us,PASS,UNSUPPORTED,,,NOT_COMPARABLE
gc_8a0b54c68d8468fb,torch_cuda_tuned,k3,t_device_op_graph_us,PASS,PASS,1.2452903594488807,"[1.2043285256555458, 1.3121218893771989]",WIN
gc_8a0b54c68d8468fb,torch_cuda_tuned,k3,t_api_us,PASS,PASS,1.2301965957458014,"[1.1808440865737924, 1.3037388929225875]",WIN
gc_d261fcf26fc1c15a,k0,k1,t_device_op_graph_us,PASS,PASS,3.580342268136513,"[3.460589771954392, 3.741080015107273]",WIN
gc_d261fcf26fc1c15a,k0,k1,t_api_us,PASS,PASS,3.6053940849761763,"[3.4864788183916997, 3.759881580174831]",WIN
gc_d261fcf26fc1c15a,k0,k2,t_device_op_graph_us,PASS,UNSUPPORTED,,,NOT_COMPARABLE
gc_d261fcf26fc1c15a,k0,k2,t_api_us,PASS,UNSUPPORTED,,,NOT_COMPARABLE
gc_d261fcf26fc1c15a,k0,k3,t_device_op_graph_us,PASS,PASS,5.6491045561959625,"[5.406768961849614, 5.955810751607374]",WIN
gc_d261fcf26fc1c15a,k0,k3,t_api_us,PASS,PASS,5.698088611818859,"[5.455429158968855, 5.993498110419675]",WIN
gc_d261fcf26fc1c15a,k1,k2,t_device_op_graph_us,PASS,UNSUPPORTED,,,NOT_COMPARABLE
gc_d261fcf26fc1c15a,k1,k2,t_api_us,PASS,UNSUPPORTED,,,NOT_COMPARABLE
gc_d261fcf26fc1c15a,torch_cuda_tuned,k3,t_device_op_graph_us,PASS,PASS,0.6276782927738839,"[0.6125484867137322, 0.6565619662513378]",LOSS
gc_d261fcf26fc1c15a,torch_cuda_tuned,k3,t_api_us,PASS,PASS,0.6197019799280158,"[0.6050634266953323, 0.6468077682862299]",LOSS
gc_296ad0d7012c2ea5,k0,k1,t_device_op_graph_us,PASS,PASS,3.5751779639958863,"[3.5080485674805084, 3.617471169301703]",WIN
gc_296ad0d7012c2ea5,k0,k1,t_api_us,PASS,PASS,3.513392249356833,"[3.480129600320028, 3.5762704465218333]",WIN
gc_296ad0d7012c2ea5,k0,k2,t_device_op_graph_us,PASS,UNSUPPORTED,,,NOT_COMPARABLE
gc_296ad0d7012c2ea5,k0,k2,t_api_us,PASS,UNSUPPORTED,,,NOT_COMPARABLE
gc_296ad0d7012c2ea5,k0,k3,t_device_op_graph_us,PASS,PASS,5.543561193169406,"[5.496839108064714, 5.656962226141226]",WIN
gc_296ad0d7012c2ea5,k0,k3,t_api_us,PASS,PASS,5.497677347662411,"[5.455199411915707, 5.59844563120413]",WIN
gc_296ad0d7012c2ea5,k1,k2,t_device_op_graph_us,PASS,UNSUPPORTED,,,NOT_COMPARABLE
gc_296ad0d7012c2ea5,k1,k2,t_api_us,PASS,UNSUPPORTED,,,NOT_COMPARABLE
gc_296ad0d7012c2ea5,torch_cuda_tuned,k3,t_device_op_graph_us,PASS,PASS,0.19842700053656584,"[0.19678601255224, 0.20581585283021087]",LOSS
gc_296ad0d7012c2ea5,torch_cuda_tuned,k3,t_api_us,PASS,PASS,0.21128969566087674,"[0.20893916669722656, 0.22034470774144294]",LOSS
gc_cb5163f79b28fda2,k0,k1,t_device_op_graph_us,PASS,PASS,3.4973550943960423,"[3.4719984087065705, 3.5510231558675476]",WIN
gc_cb5163f79b28fda2,k0,k1,t_api_us,PASS,PASS,3.43355313333345,"[3.4054236446193342, 3.4887227911100944]",WIN
gc_cb5163f79b28fda2,k0,k2,t_device_op_graph_us,PASS,UNSUPPORTED,,,NOT_COMPARABLE
gc_cb5163f79b28fda2,k0,k2,t_api_us,PASS,UNSUPPORTED,,,NOT_COMPARABLE
gc_cb5163f79b28fda2,k0,k3,t_device_op_graph_us,PASS,PASS,5.35677735273369,"[5.305517303582843, 5.425468977930544]",WIN
gc_cb5163f79b28fda2,k0,k3,t_api_us,PASS,PASS,5.298433860664544,"[5.246448854220017, 5.360548923626767]",WIN
gc_cb5163f79b28fda2,k1,k2,t_device_op_graph_us,PASS,UNSUPPORTED,,,NOT_COMPARABLE
gc_cb5163f79b28fda2,k1,k2,t_api_us,PASS,UNSUPPORTED,,,NOT_COMPARABLE
gc_cb5163f79b28fda2,torch_cuda_tuned,k3,t_device_op_graph_us,PASS,PASS,0.14409011247795,"[0.14235262672714327, 0.14842636856873362]",LOSS
gc_cb5163f79b28fda2,torch_cuda_tuned,k3,t_api_us,PASS,PASS,0.14532428574275802,"[0.14289731315007226, 0.15031013984230987]",LOSS
gc_70fccacc501d7b1c,k0,k1,t_device_op_graph_us,PASS,PASS,3.356889783842748,"[3.3407868438768715, 3.3951556354731927]",WIN
gc_70fccacc501d7b1c,k0,k1,t_api_us,PASS,PASS,3.3409435646024703,"[3.3275724802389473, 3.384207600875535]",WIN
gc_70fccacc501d7b1c,k0,k2,t_device_op_graph_us,PASS,UNSUPPORTED,,,NOT_COMPARABLE
gc_70fccacc501d7b1c,k0,k2,t_api_us,PASS,UNSUPPORTED,,,NOT_COMPARABLE
gc_70fccacc501d7b1c,k0,k3,t_device_op_graph_us,PASS,PASS,5.301367690554644,"[5.102734866619935, 5.320223144618181]",WIN
gc_70fccacc501d7b1c,k0,k3,t_api_us,PASS,PASS,5.258621099643584,"[5.053573878519092, 5.289096562663277]",WIN
gc_70fccacc501d7b1c,k1,k2,t_device_op_graph_us,PASS,UNSUPPORTED,,,NOT_COMPARABLE
gc_70fccacc501d7b1c,k1,k2,t_api_us,PASS,UNSUPPORTED,,,NOT_COMPARABLE
gc_70fccacc501d7b1c,torch_cuda_tuned,k3,t_device_op_graph_us,PASS,PASS,0.11451809115578539,"[0.10894175033629358, 0.11900306109818193]",LOSS
gc_70fccacc501d7b1c,torch_cuda_tuned,k3,t_api_us,PASS,PASS,0.1152634585529049,"[0.10951115069848281, 0.1195380696151363]",LOSS
gc_25ff201831f41fcb,k0,k1,t_device_op_graph_us,PASS,PASS,0.8081984650171893,"[0.8056457987835381, 0.8575908690229699]",LOSS
gc_25ff201831f41fcb,k0,k1,t_api_us,PASS,PASS,0.9382795621489272,"[0.8881255066163888, 0.9413310518731989]",LOSS
gc_25ff201831f41fcb,k0,k2,t_device_op_graph_us,PASS,PASS,0.9746083078615696,"[0.9719360952000614, 1.0329151477193483]",TIE
gc_25ff201831f41fcb,k0,k2,t_api_us,PASS,PASS,1.0575854182689677,"[1.0434190583486656, 1.0643435776329857]",UNCERTAIN
gc_25ff201831f41fcb,k0,k3,t_device_op_graph_us,PASS,PASS,2.344189124885471,"[2.340846512223942, 2.4787958251755673]",WIN
gc_25ff201831f41fcb,k0,k3,t_api_us,PASS,PASS,1.0918945646002385,"[1.0785251711166777, 1.1000844070144125]",WIN
gc_25ff201831f41fcb,k1,k2,t_device_op_graph_us,PASS,PASS,1.2059022010649836,"[1.201184907641859, 1.2068499468308045]",WIN
gc_25ff201831f41fcb,k1,k2,t_api_us,PASS,PASS,1.1271538472465457,"[1.1224655001170856, 1.1893951106435912]",WIN
gc_25ff201831f41fcb,torch_cuda_tuned,k3,t_device_op_graph_us,PASS,PASS,1.309365935848232,"[1.299116414181371, 1.3123417054563693]",WIN
gc_25ff201831f41fcb,torch_cuda_tuned,k3,t_api_us,PASS,PASS,0.4825320735540159,"[0.4804924308537252, 0.5116713762223691]",LOSS
gc_cda4fc3cdb408a40,k0,k1,t_device_op_graph_us,PASS,PASS,1.0594229897306044,"[1.0571912089775397, 1.060399086562637]",WIN
gc_cda4fc3cdb408a40,k0,k1,t_api_us,PASS,PASS,1.1282465240400292,"[1.1222967904211103, 1.130635085850631]",WIN
gc_cda4fc3cdb408a40,k0,k2,t_device_op_graph_us,PASS,PASS,1.1646069715506173,"[1.13215065544952, 1.1659700333764158]",WIN
gc_cda4fc3cdb408a40,k0,k2,t_api_us,PASS,PASS,1.2426612165059125,"[1.2066201515483759, 1.2449801344334706]",WIN
gc_cda4fc3cdb408a40,k0,k3,t_device_op_graph_us,PASS,PASS,2.951415922434829,"[2.9454844964690756, 2.960435884186803]",WIN
gc_cda4fc3cdb408a40,k0,k3,t_api_us,PASS,PASS,1.3610425475778847,"[1.3524004930983682, 1.3653701210221059]",WIN
gc_cda4fc3cdb408a40,k1,k2,t_device_op_graph_us,PASS,PASS,1.0992842168233103,"[1.0695481996429255, 1.1019848766572358]",WIN
gc_cda4fc3cdb408a40,k1,k2,t_api_us,PASS,PASS,1.1014093019814382,"[1.0692472180700883, 1.1023885325036535]",WIN
gc_cda4fc3cdb408a40,torch_cuda_tuned,k3,t_device_op_graph_us,PASS,PASS,1.377453402928194,"[1.373988853792601, 1.4186294681631904]",WIN
gc_cda4fc3cdb408a40,torch_cuda_tuned,k3,t_api_us,PASS,PASS,0.5841802389324728,"[0.5795377352747809, 0.6029570865719668]",LOSS
gc_84efc2d9aa580e43,k0,k1,t_device_op_graph_us,PASS,PASS,1.4095582660320785,"[1.4084048252467793, 1.4115993662284527]",WIN
gc_84efc2d9aa580e43,k0,k1,t_api_us,PASS,PASS,1.4855975944345368,"[1.4850118213997923, 1.4864193171722977]",WIN
gc_84efc2d9aa580e43,k0,k2,t_device_op_graph_us,PASS,PASS,1.2315866806674336,"[1.230538836498211, 1.233148849179801]",WIN
gc_84efc2d9aa580e43,k0,k2,t_api_us,PASS,PASS,1.2676487456386074,"[1.2666050115897591, 1.2682798796911083]",WIN
gc_84efc2d9aa580e43,k0,k3,t_device_op_graph_us,PASS,PASS,3.781801713423761,"[3.709929365632693, 3.7947338012043192]",WIN
gc_84efc2d9aa580e43,k0,k3,t_api_us,PASS,PASS,2.1619275625418526,"[2.142328368055755, 2.1716985166896716]",WIN
gc_84efc2d9aa580e43,k1,k2,t_device_op_graph_us,PASS,PASS,0.8737394617495049,"[0.8732686862821867, 0.8743819933773656]",LOSS
gc_84efc2d9aa580e43,k1,k2,t_api_us,PASS,PASS,0.8532921367048341,"[0.8525176963518825, 0.8537599508071575]",LOSS
gc_84efc2d9aa580e43,torch_cuda_tuned,k3,t_device_op_graph_us,PASS,PASS,1.5874090291132463,"[1.5571631755183213, 1.5925027146457473]",WIN
gc_84efc2d9aa580e43,torch_cuda_tuned,k3,t_api_us,PASS,PASS,0.8480049911729008,"[0.8402467987616077, 0.8539839912389878]",LOSS
gc_01abb40119e46a0c,k0,k1,t_device_op_graph_us,PASS,PASS,1.516419244661325,"[1.4722403188407986, 1.5175577197620762]",WIN
gc_01abb40119e46a0c,k0,k1,t_api_us,PASS,PASS,1.557260698056025,"[1.512656967743934, 1.5603233976443192]",WIN
gc_01abb40119e46a0c,k0,k2,t_device_op_graph_us,PASS,UNSUPPORTED,,,NOT_COMPARABLE
gc_01abb40119e46a0c,k0,k2,t_api_us,PASS,UNSUPPORTED,,,NOT_COMPARABLE
gc_01abb40119e46a0c,k0,k3,t_device_op_graph_us,PASS,PASS,5.029894943347313,"[4.8886763073252935, 5.039550498666743]",WIN
gc_01abb40119e46a0c,k0,k3,t_api_us,PASS,PASS,3.7371769992584536,"[3.732556361849016, 3.750274472338967]",WIN
gc_01abb40119e46a0c,k1,k2,t_device_op_graph_us,PASS,UNSUPPORTED,,,NOT_COMPARABLE
gc_01abb40119e46a0c,k1,k2,t_api_us,PASS,UNSUPPORTED,,,NOT_COMPARABLE
gc_01abb40119e46a0c,torch_cuda_tuned,k3,t_device_op_graph_us,PASS,PASS,3.169696686200316,"[3.080880461315988, 3.1779616756113978]",WIN
gc_01abb40119e46a0c,torch_cuda_tuned,k3,t_api_us,PASS,PASS,2.289528814401875,"[2.287270106823593, 2.2982493885436908]",WIN
gc_238ecb71606ed02b,k0,k1,t_device_op_graph_us,PASS,PASS,1.5191120962940199,"[1.5175920692672387, 1.5670483544358125]",WIN
gc_238ecb71606ed02b,k0,k1,t_api_us,PASS,PASS,1.5469428868217343,"[1.5456203224564855, 1.5942542367030539]",WIN
gc_238ecb71606ed02b,k0,k2,t_device_op_graph_us,PASS,UNSUPPORTED,,,NOT_COMPARABLE
gc_238ecb71606ed02b,k0,k2,t_api_us,PASS,UNSUPPORTED,,,NOT_COMPARABLE
gc_238ecb71606ed02b,k0,k3,t_device_op_graph_us,PASS,PASS,5.8497313862214355,"[5.843715177900754, 6.034835910241182]",WIN
gc_238ecb71606ed02b,k0,k3,t_api_us,PASS,PASS,6.104015206674603,"[6.097412157547241, 6.29128902231292]",WIN
gc_238ecb71606ed02b,k1,k2,t_device_op_graph_us,PASS,UNSUPPORTED,,,NOT_COMPARABLE
gc_238ecb71606ed02b,k1,k2,t_api_us,PASS,UNSUPPORTED,,,NOT_COMPARABLE
gc_238ecb71606ed02b,torch_cuda_tuned,k3,t_device_op_graph_us,PASS,PASS,1.41397633779346,"[1.4097804493713584, 1.417439525919785]",WIN
gc_238ecb71606ed02b,torch_cuda_tuned,k3,t_api_us,PASS,PASS,2.131672822191177,"[2.122182372728101, 2.1545598330906066]",WIN
gc_6eb796fc00cf520c,k0,k1,t_device_op_graph_us,PASS,PASS,1.5179416262685832,"[1.4755653221359195, 1.5197324358759603]",WIN
gc_6eb796fc00cf520c,k0,k1,t_api_us,PASS,PASS,1.5356570946609327,"[1.5206978596490208, 1.536735861947686]",WIN
gc_6eb796fc00cf520c,k0,k2,t_device_op_graph_us,PASS,UNSUPPORTED,,,NOT_COMPARABLE
gc_6eb796fc00cf520c,k0,k2,t_api_us,PASS,UNSUPPORTED,,,NOT_COMPARABLE
gc_6eb796fc00cf520c,k0,k3,t_device_op_graph_us,PASS,PASS,6.070896312416883,"[6.056383745075509, 6.08205816730281]",WIN
gc_6eb796fc00cf520c,k0,k3,t_api_us,PASS,PASS,6.244043259234851,"[6.22773378740697, 6.250188221965683]",WIN
gc_6eb796fc00cf520c,k1,k2,t_device_op_graph_us,PASS,UNSUPPORTED,,,NOT_COMPARABLE
gc_6eb796fc00cf520c,k1,k2,t_api_us,PASS,UNSUPPORTED,,,NOT_COMPARABLE
gc_6eb796fc00cf520c,torch_cuda_tuned,k3,t_device_op_graph_us,PASS,PASS,0.7428697595436082,"[0.7404135956475324, 0.7442386970509411]",LOSS
gc_6eb796fc00cf520c,torch_cuda_tuned,k3,t_api_us,PASS,PASS,0.7804449669681824,"[0.7747883910553603, 0.7905723972019161]",LOSS
gc_7b9daf9ed503e5dc,k0,k1,t_device_op_graph_us,PASS,PASS,1.5044860541041105,"[1.5042661611501345, 1.504687467386089]",WIN
gc_7b9daf9ed503e5dc,k0,k1,t_api_us,PASS,PASS,1.5071147429309073,"[1.506503604917039, 1.5081498705429]",WIN
gc_7b9daf9ed503e5dc,k0,k2,t_device_op_graph_us,PASS,UNSUPPORTED,,,NOT_COMPARABLE
gc_7b9daf9ed503e5dc,k0,k2,t_api_us,PASS,UNSUPPORTED,,,NOT_COMPARABLE
gc_7b9daf9ed503e5dc,k0,k3,t_device_op_graph_us,PASS,PASS,6.334613224564627,"[6.3301184625109395, 6.337040782888507]",WIN
gc_7b9daf9ed503e5dc,k0,k3,t_api_us,PASS,PASS,6.407418638518896,"[6.404751142942558, 6.412532592400271]",WIN
gc_7b9daf9ed503e5dc,k1,k2,t_device_op_graph_us,PASS,UNSUPPORTED,,,NOT_COMPARABLE
gc_7b9daf9ed503e5dc,k1,k2,t_api_us,PASS,UNSUPPORTED,,,NOT_COMPARABLE
gc_7b9daf9ed503e5dc,torch_cuda_tuned,k3,t_device_op_graph_us,PASS,PASS,0.5712639311243621,"[0.5706178460733403, 0.572074727484654]",LOSS
gc_7b9daf9ed503e5dc,torch_cuda_tuned,k3,t_api_us,PASS,PASS,0.5795033042704559,"[0.5791156507203663, 0.5810855122465856]",LOSS
gc_1488b29f849f23c4,k0,k1,t_device_op_graph_us,PASS,PASS,1.5052096998776947,"[1.4810817600906458, 1.5118715609743705]",WIN
gc_1488b29f849f23c4,k0,k1,t_api_us,PASS,PASS,1.496613954419142,"[1.4718317162930743, 1.5017808276082623]",WIN
gc_1488b29f849f23c4,k0,k2,t_device_op_graph_us,PASS,UNSUPPORTED,,,NOT_COMPARABLE
gc_1488b29f849f23c4,k0,k2,t_api_us,PASS,UNSUPPORTED,,,NOT_COMPARABLE
gc_1488b29f849f23c4,k0,k3,t_device_op_graph_us,PASS,PASS,6.582339908817677,"[6.34520038631356, 6.658264561542697]",WIN
gc_1488b29f849f23c4,k0,k3,t_api_us,PASS,PASS,6.556836851509322,"[6.323970211130958, 6.6129998225343956]",WIN
gc_1488b29f849f23c4,k1,k2,t_device_op_graph_us,PASS,UNSUPPORTED,,,NOT_COMPARABLE
gc_1488b29f849f23c4,k1,k2,t_api_us,PASS,UNSUPPORTED,,,NOT_COMPARABLE
gc_1488b29f849f23c4,torch_cuda_tuned,k3,t_device_op_graph_us,PASS,PASS,0.29825459243684654,"[0.2880599290418376, 0.3107578213516746]",LOSS
gc_1488b29f849f23c4,torch_cuda_tuned,k3,t_api_us,PASS,PASS,0.29862691308005185,"[0.2886882859252395, 0.31030512810397176]",LOSS
gc_053183ea91616041,k0,k1,t_device_op_graph_us,PASS,PASS,1.474502710242886,"[1.4281445232421122, 1.4755650732791392]",WIN
gc_053183ea91616041,k0,k1,t_api_us,PASS,PASS,1.527910830217039,"[1.481509432476201, 1.5314331831684798]",WIN
gc_053183ea91616041,k0,k2,t_device_op_graph_us,PASS,PASS,1.7495684486053757,"[1.747736360994505, 1.7506010227016677]",WIN
gc_053183ea91616041,k0,k2,t_api_us,PASS,PASS,1.8318492191341358,"[1.8312628358873455, 1.8351721140884152]",WIN
gc_053183ea91616041,k0,k3,t_device_op_graph_us,PASS,PASS,3.4054055447195335,"[3.4012401595365227, 3.4082841641167825]",WIN
gc_053183ea91616041,k0,k3,t_api_us,PASS,PASS,3.003722841565628,"[2.982158526541156, 3.0183972935530567]",WIN
gc_053183ea91616041,k1,k2,t_device_op_graph_us,PASS,PASS,1.1865481402317528,"[1.1853046391792559, 1.2248151879677358]",WIN
gc_053183ea91616041,k1,k2,t_api_us,PASS,PASS,1.19892416684678,"[1.1974088957985003, 1.2374801361384522]",WIN
gc_053183ea91616041,torch_cuda_tuned,k3,t_device_op_graph_us,PASS,PASS,1.5355204965984202,"[1.5333351093880572, 1.585281292206946]",WIN
gc_053183ea91616041,torch_cuda_tuned,k3,t_api_us,PASS,PASS,1.2665811396370739,"[1.2580840862856402, 1.3038216896577763]",WIN
gc_b3013c0c981c39ac,k0,k1,t_device_op_graph_us,PASS,PASS,1.9980147777252144,"[1.9934780015346811, 1.999209569751294]",WIN
gc_b3013c0c981c39ac,k0,k1,t_api_us,PASS,PASS,2.062567256004302,"[2.056978134362314, 2.0633775699437495]",WIN
gc_b3013c0c981c39ac,k0,k2,t_device_op_graph_us,PASS,PASS,2.1269056608934256,"[2.0663649581267762, 2.128207512045904]",WIN
gc_b3013c0c981c39ac,k0,k2,t_api_us,PASS,PASS,2.209614232807252,"[2.1438623612322956, 2.210221740852025]",WIN
gc_b3013c0c981c39ac,k0,k3,t_device_op_graph_us,PASS,PASS,4.344543834713649,"[4.3306798691513135, 4.351693395128352]",WIN
gc_b3013c0c981c39ac,k0,k3,t_api_us,PASS,PASS,4.234971200340468,"[4.230259549707165, 4.27415186587593]",WIN
gc_b3013c0c981c39ac,k1,k2,t_device_op_graph_us,PASS,PASS,1.064509474406869,"[1.0344903089765929, 1.0651023287310564]",UNCERTAIN
gc_b3013c0c981c39ac,k1,k2,t_api_us,PASS,PASS,1.071293179107195,"[1.0398247772649027, 1.0716554814533557]",UNCERTAIN
gc_b3013c0c981c39ac,torch_cuda_tuned,k3,t_device_op_graph_us,PASS,PASS,1.6326911256688077,"[1.625464189197817, 1.6360174778582564]",WIN
gc_b3013c0c981c39ac,torch_cuda_tuned,k3,t_api_us,PASS,PASS,1.5299311255438768,"[1.527292246151337, 1.5450845161253284]",WIN
gc_4be0dc057d3ac36b,k0,k1,t_device_op_graph_us,PASS,PASS,2.7821495179693434,"[2.758965663949062, 2.840861748764102]",WIN
gc_4be0dc057d3ac36b,k0,k1,t_api_us,PASS,PASS,2.830615813017547,"[2.809509847335136, 2.8876925574379935]",WIN
gc_4be0dc057d3ac36b,k0,k2,t_device_op_graph_us,PASS,PASS,2.35439399560946,"[2.280490857071117, 2.4093238529333325]",WIN
gc_4be0dc057d3ac36b,k0,k2,t_api_us,PASS,PASS,2.397914330531654,"[2.323102682554782, 2.4515842423364753]",WIN
gc_4be0dc057d3ac36b,k0,k3,t_device_op_graph_us,PASS,PASS,5.275856167760107,"[5.214899425336393, 5.391133942643778]",WIN
gc_4be0dc057d3ac36b,k0,k3,t_api_us,PASS,PASS,5.5086438706783545,"[5.445711180496072, 5.610287132681578]",WIN
gc_4be0dc057d3ac36b,k1,k2,t_device_op_graph_us,PASS,PASS,0.8462499877892627,"[0.8184752048169867, 0.8496566610259976]",LOSS
gc_4be0dc057d3ac36b,k1,k2,t_api_us,PASS,PASS,0.8471352133002408,"[0.8191031939679685, 0.8503891201725565]",LOSS
gc_4be0dc057d3ac36b,torch_cuda_tuned,k3,t_device_op_graph_us,PASS,PASS,1.8556706794285698,"[1.8357085196323542, 1.8972104170718185]",WIN
gc_4be0dc057d3ac36b,torch_cuda_tuned,k3,t_api_us,PASS,PASS,1.8822666269666635,"[1.8597962663102612, 1.9151967789719597]",WIN
gc_56e5bdbf90cf0cc5,k0,k1,t_device_op_graph_us,PASS,PASS,3.0746198772419793,"[3.0631140779880446, 3.121670267671908]",WIN
gc_56e5bdbf90cf0cc5,k0,k1,t_api_us,PASS,PASS,3.1182799160530843,"[3.1127919338876375, 3.167861930531405]",WIN
gc_56e5bdbf90cf0cc5,k0,k2,t_device_op_graph_us,PASS,UNSUPPORTED,,,NOT_COMPARABLE
gc_56e5bdbf90cf0cc5,k0,k2,t_api_us,PASS,UNSUPPORTED,,,NOT_COMPARABLE
gc_56e5bdbf90cf0cc5,k0,k3,t_device_op_graph_us,PASS,PASS,5.649073576508117,"[5.5398827906688135, 5.754340286411237]",WIN
gc_56e5bdbf90cf0cc5,k0,k3,t_api_us,PASS,PASS,5.791883020367905,"[5.692643224720951, 5.892079816956792]",WIN
gc_56e5bdbf90cf0cc5,k1,k2,t_device_op_graph_us,PASS,UNSUPPORTED,,,NOT_COMPARABLE
gc_56e5bdbf90cf0cc5,k1,k2,t_api_us,PASS,UNSUPPORTED,,,NOT_COMPARABLE
gc_56e5bdbf90cf0cc5,torch_cuda_tuned,k3,t_device_op_graph_us,PASS,PASS,1.430964376156488,"[1.3902298510086355, 1.4538463920132842]",WIN
gc_56e5bdbf90cf0cc5,torch_cuda_tuned,k3,t_api_us,PASS,PASS,1.9316921203782695,"[1.8956024633082729, 1.9526288205993432]",WIN
gc_fdcf57a6600beda8,k0,k1,t_device_op_graph_us,PASS,PASS,3.086394349206453,"[3.005670524052189, 3.1405874532904963]",WIN
gc_fdcf57a6600beda8,k0,k1,t_api_us,PASS,PASS,3.1138250021245972,"[3.027633309943604, 3.177528804766584]",WIN
gc_fdcf57a6600beda8,k0,k2,t_device_op_graph_us,PASS,UNSUPPORTED,,,NOT_COMPARABLE
gc_fdcf57a6600beda8,k0,k2,t_api_us,PASS,UNSUPPORTED,,,NOT_COMPARABLE
gc_fdcf57a6600beda8,k0,k3,t_device_op_graph_us,PASS,PASS,5.91758600652944,"[5.800370275779859, 6.065719823951402]",WIN
gc_fdcf57a6600beda8,k0,k3,t_api_us,PASS,PASS,5.984634525492174,"[5.8681811046576815, 6.166022792633992]",WIN
gc_fdcf57a6600beda8,k1,k2,t_device_op_graph_us,PASS,UNSUPPORTED,,,NOT_COMPARABLE
gc_fdcf57a6600beda8,k1,k2,t_api_us,PASS,UNSUPPORTED,,,NOT_COMPARABLE
gc_fdcf57a6600beda8,torch_cuda_tuned,k3,t_device_op_graph_us,PASS,PASS,0.7907997406252507,"[0.7786212512775894, 0.806117236520428]",LOSS
gc_fdcf57a6600beda8,torch_cuda_tuned,k3,t_api_us,PASS,PASS,0.7883079715377956,"[0.7741798063115234, 0.802718139232468]",LOSS
gc_c29cc54df190ed9c,k0,k1,t_device_op_graph_us,PASS,PASS,3.1169124419668646,"[3.077872706014279, 3.176450446484895]",WIN
gc_c29cc54df190ed9c,k0,k1,t_api_us,PASS,PASS,3.1560155567411257,"[3.1075393942987595, 3.2169081811281]",WIN
gc_c29cc54df190ed9c,k0,k2,t_device_op_graph_us,PASS,UNSUPPORTED,,,NOT_COMPARABLE
gc_c29cc54df190ed9c,k0,k2,t_api_us,PASS,UNSUPPORTED,,,NOT_COMPARABLE
gc_c29cc54df190ed9c,k0,k3,t_device_op_graph_us,PASS,PASS,5.789140192280551,"[5.676547670451339, 6.027481996754486]",WIN
gc_c29cc54df190ed9c,k0,k3,t_api_us,PASS,PASS,5.860910811870513,"[5.740090180779415, 6.109759012615709]",WIN
gc_c29cc54df190ed9c,k1,k2,t_device_op_graph_us,PASS,UNSUPPORTED,,,NOT_COMPARABLE
gc_c29cc54df190ed9c,k1,k2,t_api_us,PASS,UNSUPPORTED,,,NOT_COMPARABLE
gc_c29cc54df190ed9c,torch_cuda_tuned,k3,t_device_op_graph_us,PASS,PASS,0.3825480762718536,"[0.37710146091559316, 0.39785029093963264]",LOSS
gc_c29cc54df190ed9c,torch_cuda_tuned,k3,t_api_us,PASS,PASS,0.43619967162496637,"[0.4290268908903737, 0.4519470580678718]",LOSS
gc_31f0eacfdfa3472c,k0,k1,t_device_op_graph_us,PASS,PASS,3.0747859900541434,"[3.0699296907362976, 3.0821552633931324]",WIN
gc_31f0eacfdfa3472c,k0,k1,t_api_us,PASS,PASS,3.053037459499069,"[3.0449463295015686, 3.0630133832278896]",WIN
gc_31f0eacfdfa3472c,k0,k2,t_device_op_graph_us,PASS,UNSUPPORTED,,,NOT_COMPARABLE
gc_31f0eacfdfa3472c,k0,k2,t_api_us,PASS,UNSUPPORTED,,,NOT_COMPARABLE
gc_31f0eacfdfa3472c,k0,k3,t_device_op_graph_us,PASS,PASS,5.901782785122512,"[5.895225620632468, 5.909296207841164]",WIN
gc_31f0eacfdfa3472c,k0,k3,t_api_us,PASS,PASS,5.8406977048125555,"[5.8329244812438095, 5.848643200789539]",WIN
gc_31f0eacfdfa3472c,k1,k2,t_device_op_graph_us,PASS,UNSUPPORTED,,,NOT_COMPARABLE
gc_31f0eacfdfa3472c,k1,k2,t_api_us,PASS,UNSUPPORTED,,,NOT_COMPARABLE
gc_31f0eacfdfa3472c,torch_cuda_tuned,k3,t_device_op_graph_us,PASS,PASS,0.29556881644146354,"[0.2949291786578173, 0.29877968366249397]",LOSS
gc_31f0eacfdfa3472c,torch_cuda_tuned,k3,t_api_us,PASS,PASS,0.3067355658546884,"[0.3059685085499779, 0.3098229662357787]",LOSS
gc_05d4fc67b5305c66,k0,k1,t_device_op_graph_us,PASS,PASS,2.948313192161708,"[2.885812253418753, 3.0275954804541576]",WIN
gc_05d4fc67b5305c66,k0,k1,t_api_us,PASS,PASS,2.928712857511668,"[2.8850571894367256, 3.0080867326526444]",WIN
gc_05d4fc67b5305c66,k0,k2,t_device_op_graph_us,PASS,UNSUPPORTED,,,NOT_COMPARABLE
gc_05d4fc67b5305c66,k0,k2,t_api_us,PASS,UNSUPPORTED,,,NOT_COMPARABLE
gc_05d4fc67b5305c66,k0,k3,t_device_op_graph_us,PASS,PASS,5.7265622263286,"[5.460156392391127, 5.8707648962478425]",WIN
gc_05d4fc67b5305c66,k0,k3,t_api_us,PASS,PASS,5.626493725728257,"[5.369389183188359, 5.767212028815384]",WIN
gc_05d4fc67b5305c66,k1,k2,t_device_op_graph_us,PASS,UNSUPPORTED,,,NOT_COMPARABLE
gc_05d4fc67b5305c66,k1,k2,t_api_us,PASS,UNSUPPORTED,,,NOT_COMPARABLE
gc_05d4fc67b5305c66,torch_cuda_tuned,k3,t_device_op_graph_us,PASS,PASS,0.14447163223258608,"[0.13786918621472968, 0.14825830202631163]",LOSS
gc_05d4fc67b5305c66,torch_cuda_tuned,k3,t_api_us,PASS,PASS,0.14373327187560514,"[0.13711595892217507, 0.1473589019072906]",LOSS
gc_c71a0279eaf3451a,k0,k1,t_device_op_graph_us,PASS,PASS,1.5155924101905471,"[1.504152376033911, 1.5576217982675442]",WIN
gc_c71a0279eaf3451a,k0,k1,t_api_us,PASS,PASS,1.5290562443585434,"[1.5160851938526065, 1.570600975340601]",WIN
gc_c71a0279eaf3451a,k0,k2,t_device_op_graph_us,PASS,PASS,1.8265797908431298,"[1.809343303403595, 1.892035868135206]",WIN
gc_c71a0279eaf3451a,k0,k2,t_api_us,PASS,PASS,1.8474104806286058,"[1.8236158554090542, 1.9077710354122863]",WIN
gc_c71a0279eaf3451a,k0,k3,t_device_op_graph_us,PASS,PASS,4.6370470285126775,"[4.596359248644876, 4.7701717618091815]",WIN
gc_c71a0279eaf3451a,k0,k3,t_api_us,PASS,PASS,4.754602555710015,"[4.685715130622866, 4.882277719271852]",WIN
gc_c71a0279eaf3451a,k1,k2,t_device_op_graph_us,PASS,PASS,1.2051919622726823,"[1.1933920472369304, 1.2241455834253496]",WIN
gc_c71a0279eaf3451a,k1,k2,t_api_us,PASS,PASS,1.2082030909226726,"[1.1959468536045113, 1.2241403737768717]",WIN
gc_c71a0279eaf3451a,torch_cuda_tuned,k3,t_device_op_graph_us,PASS,PASS,1.9125828431371532,"[1.8897942468952154, 1.9252155499562573]",WIN
gc_c71a0279eaf3451a,torch_cuda_tuned,k3,t_api_us,PASS,PASS,1.9064354024299501,"[1.872109004472383, 1.9143436783034187]",WIN
gc_46b1993f3242a525,k0,k1,t_device_op_graph_us,PASS,PASS,2.0618604989114715,"[2.0299223056368767, 2.137765009156985]",WIN
gc_46b1993f3242a525,k0,k1,t_api_us,PASS,PASS,2.0761192002753197,"[2.027304500965218, 2.150140808788975]",WIN
gc_46b1993f3242a525,k0,k2,t_device_op_graph_us,PASS,PASS,2.2846028817545614,"[2.2084632331159453, 2.317432714142496]",WIN
gc_46b1993f3242a525,k0,k2,t_api_us,PASS,PASS,2.2913140000072874,"[2.210298351940457, 2.332130470626697]",WIN
gc_46b1993f3242a525,k0,k3,t_device_op_graph_us,PASS,PASS,5.922511591727032,"[5.819663843201539, 5.995793994382027]",WIN
gc_46b1993f3242a525,k0,k3,t_api_us,PASS,PASS,5.959843468415557,"[5.8693188627140644, 6.058966664418819]",WIN
gc_46b1993f3242a525,k1,k2,t_device_op_graph_us,PASS,PASS,1.1080298026761188,"[1.049268821683159, 1.127060417406821]",UNCERTAIN
gc_46b1993f3242a525,k1,k2,t_api_us,PASS,PASS,1.1036524298332342,"[1.0494231813296329, 1.1241905614746857]",UNCERTAIN
gc_46b1993f3242a525,torch_cuda_tuned,k3,t_device_op_graph_us,PASS,PASS,2.056483368133471,"[2.0206018630858624, 2.0820159099980264]",WIN
gc_46b1993f3242a525,torch_cuda_tuned,k3,t_api_us,PASS,PASS,2.038990621866029,"[2.0144509803105586, 2.069447946440893]",WIN
gc_2172a5c8e6e7a788,k0,k1,t_device_op_graph_us,PASS,PASS,2.8657611160124614,"[2.815272741118887, 2.9565490489296047]",WIN
gc_2172a5c8e6e7a788,k0,k1,t_api_us,PASS,PASS,2.8859250769404925,"[2.8359123304653484, 2.971731525250575]",WIN
gc_2172a5c8e6e7a788,k0,k2,t_device_op_graph_us,PASS,PASS,2.383343200134988,"[2.3351673436177336, 2.4528604063825314]",WIN
gc_2172a5c8e6e7a788,k0,k2,t_api_us,PASS,PASS,2.398152210548801,"[2.3499234718817092, 2.4690295853983755]",WIN
gc_2172a5c8e6e7a788,k0,k3,t_device_op_graph_us,PASS,PASS,6.242563687565187,"[5.943735485927863, 6.392935738560274]",WIN
gc_2172a5c8e6e7a788,k0,k3,t_api_us,PASS,PASS,6.248216503275802,"[6.004278529817512, 6.425903362855699]",WIN
gc_2172a5c8e6e7a788,k1,k2,t_device_op_graph_us,PASS,PASS,0.8316615041002686,"[0.811874532110965, 0.8527526029621801]",LOSS
gc_2172a5c8e6e7a788,k1,k2,t_api_us,PASS,PASS,0.8309821449319111,"[0.8111815524518201, 0.8510144557557319]",LOSS
gc_2172a5c8e6e7a788,torch_cuda_tuned,k3,t_device_op_graph_us,PASS,PASS,1.9779735057832124,"[1.890348967264104, 2.0150460244873862]",WIN
gc_2172a5c8e6e7a788,torch_cuda_tuned,k3,t_api_us,PASS,PASS,1.9551339918957906,"[1.8829110152129238, 1.99816203502548]",WIN
gc_8a8acca0747584c4,k0,k1,t_device_op_graph_us,PASS,PASS,3.224919930025189,"[3.1338488007994365, 3.3169109701558517]",WIN
gc_8a8acca0747584c4,k0,k1,t_api_us,PASS,PASS,3.230087458033499,"[3.138927515476301, 3.3052103209122268]",WIN
gc_8a8acca0747584c4,k0,k2,t_device_op_graph_us,PASS,UNSUPPORTED,,,NOT_COMPARABLE
gc_8a8acca0747584c4,k0,k2,t_api_us,PASS,UNSUPPORTED,,,NOT_COMPARABLE
gc_8a8acca0747584c4,k0,k3,t_device_op_graph_us,PASS,PASS,5.881370195029377,"[5.759370363810787, 6.005908667910479]",WIN
gc_8a8acca0747584c4,k0,k3,t_api_us,PASS,PASS,5.934416805274616,"[5.806389422240228, 6.043440886068066]",WIN
gc_8a8acca0747584c4,k1,k2,t_device_op_graph_us,PASS,UNSUPPORTED,,,NOT_COMPARABLE
gc_8a8acca0747584c4,k1,k2,t_api_us,PASS,UNSUPPORTED,,,NOT_COMPARABLE
gc_8a8acca0747584c4,torch_cuda_tuned,k3,t_device_op_graph_us,PASS,PASS,0.9954051730514062,"[0.9676622083856604, 1.009224457470621]",TIE
gc_8a8acca0747584c4,torch_cuda_tuned,k3,t_api_us,PASS,PASS,1.02790049613562,"[0.998226001876214, 1.048856421166691]",TIE
gc_b500de8765775ad2,k0,k1,t_device_op_graph_us,PASS,PASS,3.130577375370618,"[3.0794074794201447, 3.1729782326363987]",WIN
gc_b500de8765775ad2,k0,k1,t_api_us,PASS,PASS,3.109701038103734,"[3.0600076355246344, 3.1487936706153414]",WIN
gc_b500de8765775ad2,k0,k2,t_device_op_graph_us,PASS,UNSUPPORTED,,,NOT_COMPARABLE
gc_b500de8765775ad2,k0,k2,t_api_us,PASS,UNSUPPORTED,,,NOT_COMPARABLE
gc_b500de8765775ad2,k0,k3,t_device_op_graph_us,PASS,PASS,5.824413779718605,"[5.686017017764977, 6.1078252560906385]",WIN
gc_b500de8765775ad2,k0,k3,t_api_us,PASS,PASS,5.729810133355529,"[5.636080925721183, 6.038314640682096]",WIN
gc_b500de8765775ad2,k1,k2,t_device_op_graph_us,PASS,UNSUPPORTED,,,NOT_COMPARABLE
gc_b500de8765775ad2,k1,k2,t_api_us,PASS,UNSUPPORTED,,,NOT_COMPARABLE
gc_b500de8765775ad2,torch_cuda_tuned,k3,t_device_op_graph_us,PASS,PASS,0.4975894836938231,"[0.48962285319353027, 0.5192168990995437]",LOSS
gc_b500de8765775ad2,torch_cuda_tuned,k3,t_api_us,PASS,PASS,0.5055154818456928,"[0.49822412410923067, 0.5308575156808376]",LOSS
gc_f0c887d061ad439c,k0,k1,t_device_op_graph_us,PASS,PASS,3.054700205288081,"[3.015313336484537, 3.1095103375319018]",WIN
gc_f0c887d061ad439c,k0,k1,t_api_us,PASS,PASS,3.011054593855908,"[2.9669118117208035, 3.058251932948184]",WIN
gc_f0c887d061ad439c,k0,k2,t_device_op_graph_us,PASS,UNSUPPORTED,,,NOT_COMPARABLE
gc_f0c887d061ad439c,k0,k2,t_api_us,PASS,UNSUPPORTED,,,NOT_COMPARABLE
gc_f0c887d061ad439c,k0,k3,t_device_op_graph_us,PASS,PASS,5.506035892790814,"[5.472923701475448, 5.632304572972125]",WIN
gc_f0c887d061ad439c,k0,k3,t_api_us,PASS,PASS,5.447333765594956,"[5.413544912586192, 5.568617276464987]",WIN
gc_f0c887d061ad439c,k1,k2,t_device_op_graph_us,PASS,UNSUPPORTED,,,NOT_COMPARABLE
gc_f0c887d061ad439c,k1,k2,t_api_us,PASS,UNSUPPORTED,,,NOT_COMPARABLE
gc_f0c887d061ad439c,torch_cuda_tuned,k3,t_device_op_graph_us,PASS,PASS,0.26171409173253746,"[0.25986439852674076, 0.26761955711236496]",LOSS
gc_f0c887d061ad439c,torch_cuda_tuned,k3,t_api_us,PASS,PASS,0.26602982605196085,"[0.2634816635120679, 0.27247233278808486]",LOSS
gc_f197defad96b2a97,k0,k1,t_device_op_graph_us,PASS,PASS,2.9914989446032734,"[2.970173593410876, 3.0097054301333697]",WIN
gc_f197defad96b2a97,k0,k1,t_api_us,PASS,PASS,2.971225851668854,"[2.9511411479665597, 2.9873832813541084]",WIN
gc_f197defad96b2a97,k0,k2,t_device_op_graph_us,PASS,UNSUPPORTED,,,NOT_COMPARABLE
gc_f197defad96b2a97,k0,k2,t_api_us,PASS,UNSUPPORTED,,,NOT_COMPARABLE
gc_f197defad96b2a97,k0,k3,t_device_op_graph_us,PASS,PASS,5.555904628012556,"[5.5111061778869965, 5.685548024956651]",WIN
gc_f197defad96b2a97,k0,k3,t_api_us,PASS,PASS,5.468255493368607,"[5.423983950930117, 5.5826126988825315]",WIN
gc_f197defad96b2a97,k1,k2,t_device_op_graph_us,PASS,UNSUPPORTED,,,NOT_COMPARABLE
gc_f197defad96b2a97,k1,k2,t_api_us,PASS,UNSUPPORTED,,,NOT_COMPARABLE
gc_f197defad96b2a97,torch_cuda_tuned,k3,t_device_op_graph_us,PASS,PASS,0.2233221514030791,"[0.2216207841970354, 0.22953641504309205]",LOSS
gc_f197defad96b2a97,torch_cuda_tuned,k3,t_api_us,PASS,PASS,0.22296679182652926,"[0.2212879361194431, 0.2285733729007128]",LOSS
gc_22ea64dd94cc57bc,k0,k1,t_device_op_graph_us,PASS,PASS,2.942969193104758,"[2.924674188724125, 2.957651101559769]",WIN
gc_22ea64dd94cc57bc,k0,k1,t_api_us,PASS,PASS,2.9370993324789367,"[2.9198441282581498, 2.95207980648512]",WIN
gc_22ea64dd94cc57bc,k0,k2,t_device_op_graph_us,PASS,UNSUPPORTED,,,NOT_COMPARABLE
gc_22ea64dd94cc57bc,k0,k2,t_api_us,PASS,UNSUPPORTED,,,NOT_COMPARABLE
gc_22ea64dd94cc57bc,k0,k3,t_device_op_graph_us,PASS,PASS,5.560912758205509,"[5.5389245206418956, 5.594872536798567]",WIN
gc_22ea64dd94cc57bc,k0,k3,t_api_us,PASS,PASS,5.538436549183437,"[5.5113505613989116, 5.57120199275907]",WIN
gc_22ea64dd94cc57bc,k1,k2,t_device_op_graph_us,PASS,UNSUPPORTED,,,NOT_COMPARABLE
gc_22ea64dd94cc57bc,k1,k2,t_api_us,PASS,UNSUPPORTED,,,NOT_COMPARABLE
gc_22ea64dd94cc57bc,torch_cuda_tuned,k3,t_device_op_graph_us,PASS,PASS,0.13669267407842356,"[0.13591768489187764, 0.1376507840043705]",LOSS
gc_22ea64dd94cc57bc,torch_cuda_tuned,k3,t_api_us,PASS,PASS,0.13882187240114244,"[0.13803037912763202, 0.1399403763046113]",LOSS
gc_23348257a76f0d1c,k0,k1,t_device_op_graph_us,PASS,PASS,1.667262833208578,"[1.6014942545705753, 1.7219377532832498]",WIN
gc_23348257a76f0d1c,k0,k1,t_api_us,PASS,PASS,1.6762185799585876,"[1.6136778993074432, 1.728138862098308]",WIN
gc_23348257a76f0d1c,k0,k2,t_device_op_graph_us,PASS,PASS,2.067572911987037,"[1.9576296841867622, 2.132384209021131]",WIN
gc_23348257a76f0d1c,k0,k2,t_api_us,PASS,PASS,2.0885568404931267,"[1.9816702723979998, 2.1481194221532802]",WIN
gc_23348257a76f0d1c,k0,k3,t_device_op_graph_us,PASS,PASS,2.4091259542273016,"[2.3228556891645513, 2.4869876140405327]",WIN
gc_23348257a76f0d1c,k0,k3,t_api_us,PASS,PASS,2.425380335244429,"[2.344705454656278, 2.499629647237633]",WIN
gc_23348257a76f0d1c,k1,k2,t_device_op_graph_us,PASS,PASS,1.2401001634565794,"[1.208808287765293, 1.2639486044647061]",WIN
gc_23348257a76f0d1c,k1,k2,t_api_us,PASS,PASS,1.245993133273064,"[1.2158577928042014, 1.2679702126435561]",WIN
gc_23348257a76f0d1c,torch_cuda_tuned,k3,t_device_op_graph_us,PASS,PASS,1.1798229192284468,"[1.1783122464826312, 1.2097656122784035]",WIN
gc_23348257a76f0d1c,torch_cuda_tuned,k3,t_api_us,PASS,PASS,1.1685087534352014,"[1.167641917499875, 1.1986144762344288]",WIN
gc_e72c1d4984cc3237,k0,k1,t_device_op_graph_us,PASS,PASS,2.241877081164089,"[2.198448063075063, 2.258542329672801]",WIN
gc_e72c1d4984cc3237,k0,k1,t_api_us,PASS,PASS,2.236555360056549,"[2.197329988964596, 2.2540784754051892]",WIN
gc_e72c1d4984cc3237,k0,k2,t_device_op_graph_us,PASS,PASS,2.4555151787162,"[2.3474193560169283, 2.4674858468813294]",WIN
gc_e72c1d4984cc3237,k0,k2,t_api_us,PASS,PASS,2.4451061257928215,"[2.3422953140528624, 2.4591265197711807]",WIN
gc_e72c1d4984cc3237,k0,k3,t_device_op_graph_us,PASS,PASS,3.8115818426184087,"[3.74086521506432, 3.864205965785829]",WIN
gc_e72c1d4984cc3237,k0,k3,t_api_us,PASS,PASS,3.8003444023041726,"[3.730452408318302, 3.850396223709992]",WIN
gc_e72c1d4984cc3237,k1,k2,t_device_op_graph_us,PASS,PASS,1.09529429572525,"[1.0524251349349507, 1.104559615570526]",WIN
gc_e72c1d4984cc3237,k1,k2,t_api_us,PASS,PASS,1.0932464134180873,"[1.051585723542509, 1.1019766450619597]",WIN
gc_e72c1d4984cc3237,torch_cuda_tuned,k3,t_device_op_graph_us,PASS,PASS,1.4785330607509513,"[1.447792542275962, 1.4978482900883918]",WIN
gc_e72c1d4984cc3237,torch_cuda_tuned,k3,t_api_us,PASS,PASS,1.4650893567235375,"[1.433380778356669, 1.482958309111561]",WIN
gc_62e0ae05b7836be7,k0,k1,t_device_op_graph_us,PASS,PASS,2.8855196431265524,"[2.824786446677639, 2.9463921071361643]",WIN
gc_62e0ae05b7836be7,k0,k1,t_api_us,PASS,PASS,2.8273126443550485,"[2.7690096017419856, 2.8812774007798274]",WIN
gc_62e0ae05b7836be7,k0,k2,t_device_op_graph_us,PASS,PASS,2.596479568611901,"[2.4687859102034895, 2.741157649590966]",WIN
gc_62e0ae05b7836be7,k0,k2,t_api_us,PASS,PASS,2.5518207911313624,"[2.429889405000738, 2.6838672262248995]",WIN
gc_62e0ae05b7836be7,k0,k3,t_device_op_graph_us,PASS,PASS,5.693549242282797,"[5.4626606638308015, 5.800147380117761]",WIN
gc_62e0ae05b7836be7,k0,k3,t_api_us,PASS,PASS,5.632689345230971,"[5.42186649574261, 5.7436268457354265]",WIN
gc_62e0ae05b7836be7,k1,k2,t_device_op_graph_us,PASS,PASS,0.899830841490489,"[0.86333626614054, 0.9513867840388797]",LOSS
gc_62e0ae05b7836be7,k1,k2,t_api_us,PASS,PASS,0.9025605273001106,"[0.8678005668393971, 0.951540997328041]",LOSS
gc_62e0ae05b7836be7,torch_cuda_tuned,k3,t_device_op_graph_us,PASS,PASS,1.943026910489837,"[1.8443022301955994, 2.0307236980899446]",WIN
gc_62e0ae05b7836be7,torch_cuda_tuned,k3,t_api_us,PASS,PASS,1.9347367264945081,"[1.846002801974899, 2.0229201152073295]",WIN
gc_67d61451c3cbea24,k0,k1,t_device_op_graph_us,PASS,PASS,2.9534619271845712,"[2.8735091755922695, 2.989222990882291]",WIN
gc_67d61451c3cbea24,k0,k1,t_api_us,PASS,PASS,2.8902687955342086,"[2.8138919749324365, 2.943273666577972]",WIN
gc_67d61451c3cbea24,k0,k2,t_device_op_graph_us,PASS,UNSUPPORTED,,,NOT_COMPARABLE
gc_67d61451c3cbea24,k0,k2,t_api_us,PASS,UNSUPPORTED,,,NOT_COMPARABLE
gc_67d61451c3cbea24,k0,k3,t_device_op_graph_us,PASS,PASS,5.510992261860265,"[5.365588564184016, 5.786788040655402]",WIN
gc_67d61451c3cbea24,k0,k3,t_api_us,PASS,PASS,5.45488673977739,"[5.3112911596150765, 5.636687680845412]",WIN
gc_67d61451c3cbea24,k1,k2,t_device_op_graph_us,PASS,UNSUPPORTED,,,NOT_COMPARABLE
gc_67d61451c3cbea24,k1,k2,t_api_us,PASS,UNSUPPORTED,,,NOT_COMPARABLE
gc_67d61451c3cbea24,torch_cuda_tuned,k3,t_device_op_graph_us,PASS,PASS,0.9538894206960473,"[0.8854439790130029, 0.9977578793931062]",UNCERTAIN
gc_67d61451c3cbea24,torch_cuda_tuned,k3,t_api_us,PASS,PASS,0.9657660638973463,"[0.8958411130935092, 0.9978881879383703]",UNCERTAIN
gc_fb2e98bc315c2b57,k0,k1,t_device_op_graph_us,PASS,PASS,2.8353907411141512,"[2.7987134747910387, 2.9147064260323208]",WIN
gc_fb2e98bc315c2b57,k0,k1,t_api_us,PASS,PASS,2.8202078792539367,"[2.7830117302126993, 2.8957077947924614]",WIN
gc_fb2e98bc315c2b57,k0,k2,t_device_op_graph_us,PASS,UNSUPPORTED,,,NOT_COMPARABLE
gc_fb2e98bc315c2b57,k0,k2,t_api_us,PASS,UNSUPPORTED,,,NOT_COMPARABLE
gc_fb2e98bc315c2b57,k0,k3,t_device_op_graph_us,PASS,PASS,5.386999579317129,"[5.227589698993925, 5.57055156901996]",WIN
gc_fb2e98bc315c2b57,k0,k3,t_api_us,PASS,PASS,5.328086172500814,"[5.165385892417049, 5.484491484324051]",WIN
gc_fb2e98bc315c2b57,k1,k2,t_device_op_graph_us,PASS,UNSUPPORTED,,,NOT_COMPARABLE
gc_fb2e98bc315c2b57,k1,k2,t_api_us,PASS,UNSUPPORTED,,,NOT_COMPARABLE
gc_fb2e98bc315c2b57,torch_cuda_tuned,k3,t_device_op_graph_us,PASS,PASS,0.4597438010880789,"[0.4415244595132013, 0.47656292367491987]",LOSS
gc_fb2e98bc315c2b57,torch_cuda_tuned,k3,t_api_us,PASS,PASS,0.4614670021496918,"[0.447162725480891, 0.47619396864062297]",LOSS
gc_bb76907f67ad78ba,k0,k1,t_device_op_graph_us,PASS,PASS,2.8909812727908335,"[2.873889813517247, 2.931876324183]",WIN
gc_bb76907f67ad78ba,k0,k1,t_api_us,PASS,PASS,2.8826223142420817,"[2.86468890611084, 2.922037168318812]",WIN
gc_bb76907f67ad78ba,k0,k2,t_device_op_graph_us,PASS,UNSUPPORTED,,,NOT_COMPARABLE
gc_bb76907f67ad78ba,k0,k2,t_api_us,PASS,UNSUPPORTED,,,NOT_COMPARABLE
gc_bb76907f67ad78ba,k0,k3,t_device_op_graph_us,PASS,PASS,5.357560197958412,"[5.32449359794301, 5.541475114088607]",WIN
gc_bb76907f67ad78ba,k0,k3,t_api_us,PASS,PASS,5.315944448825568,"[5.286002614927491, 5.490342089520791]",WIN
gc_bb76907f67ad78ba,k1,k2,t_device_op_graph_us,PASS,UNSUPPORTED,,,NOT_COMPARABLE
gc_bb76907f67ad78ba,k1,k2,t_api_us,PASS,UNSUPPORTED,,,NOT_COMPARABLE
gc_bb76907f67ad78ba,torch_cuda_tuned,k3,t_device_op_graph_us,PASS,PASS,0.23279647913533288,"[0.22983560757004715, 0.2415517548880514]",LOSS
gc_bb76907f67ad78ba,torch_cuda_tuned,k3,t_api_us,PASS,PASS,0.23604452836015746,"[0.23291548531462603, 0.24542923589165622]",LOSS
gc_bc3d77d296ecccb7,k0,k1,t_device_op_graph_us,PASS,PASS,2.959434164277073,"[2.9232201062518848, 2.9801423556258166]",WIN
gc_bc3d77d296ecccb7,k0,k1,t_api_us,PASS,PASS,2.9473348014498257,"[2.91890338779196, 2.9734468730224286]",WIN
gc_bc3d77d296ecccb7,k0,k2,t_device_op_graph_us,PASS,UNSUPPORTED,,,NOT_COMPARABLE
gc_bc3d77d296ecccb7,k0,k2,t_api_us,PASS,UNSUPPORTED,,,NOT_COMPARABLE
gc_bc3d77d296ecccb7,k0,k3,t_device_op_graph_us,PASS,PASS,5.537492324251505,"[5.520314703567549, 5.621643956066632]",WIN
gc_bc3d77d296ecccb7,k0,k3,t_api_us,PASS,PASS,5.531800571962668,"[5.4977954271486045, 5.603387570826013]",WIN
gc_bc3d77d296ecccb7,k1,k2,t_device_op_graph_us,PASS,UNSUPPORTED,,,NOT_COMPARABLE
gc_bc3d77d296ecccb7,k1,k2,t_api_us,PASS,UNSUPPORTED,,,NOT_COMPARABLE
gc_bc3d77d296ecccb7,torch_cuda_tuned,k3,t_device_op_graph_us,PASS,PASS,0.19619096379581394,"[0.19576317622224948, 0.21392890191716102]",LOSS
gc_bc3d77d296ecccb7,torch_cuda_tuned,k3,t_api_us,PASS,PASS,0.19956986290099166,"[0.1984718517097311, 0.21710014437311792]",LOSS
gc_2ea0f05d97f3acc2,k0,k1,t_device_op_graph_us,PASS,PASS,2.864098617077275,"[2.86087288036577, 2.8673176830929696]",WIN
gc_2ea0f05d97f3acc2,k0,k1,t_api_us,PASS,PASS,2.8616441173722533,"[2.859758443955648, 2.8658300153509315]",WIN
gc_2ea0f05d97f3acc2,k0,k2,t_device_op_graph_us,PASS,UNSUPPORTED,,,NOT_COMPARABLE
gc_2ea0f05d97f3acc2,k0,k2,t_api_us,PASS,UNSUPPORTED,,,NOT_COMPARABLE
gc_2ea0f05d97f3acc2,k0,k3,t_device_op_graph_us,PASS,PASS,5.484204425915898,"[5.476967534528286, 5.50693414069493]",WIN
gc_2ea0f05d97f3acc2,k0,k3,t_api_us,PASS,PASS,5.478384432747741,"[5.472090049959472, 5.502401409616785]",WIN
gc_2ea0f05d97f3acc2,k1,k2,t_device_op_graph_us,PASS,UNSUPPORTED,,,NOT_COMPARABLE
gc_2ea0f05d97f3acc2,k1,k2,t_api_us,PASS,UNSUPPORTED,,,NOT_COMPARABLE
gc_2ea0f05d97f3acc2,torch_cuda_tuned,k3,t_device_op_graph_us,PASS,PASS,0.14433861766159145,"[0.14360918224350167, 0.14605626460901092]",LOSS
gc_2ea0f05d97f3acc2,torch_cuda_tuned,k3,t_api_us,PASS,PASS,0.14496402420315319,"[0.14442269773429836, 0.1466772263422394]",LOSS
gc_3525895f023dc1bb,k0,k1,t_device_op_graph_us,PASS,PASS,1.6494209430533833,"[1.6126005057506463, 1.7186216443971931]",WIN
gc_3525895f023dc1bb,k0,k1,t_api_us,PASS,PASS,1.628802748795622,"[1.5946800766105227, 1.7010093322862332]",WIN
gc_3525895f023dc1bb,k0,k2,t_device_op_graph_us,PASS,PASS,2.016818560065165,"[1.9831425091293058, 2.0514271653580995]",WIN
gc_3525895f023dc1bb,k0,k2,t_api_us,PASS,PASS,1.9918073423501843,"[1.9664261345519451, 2.0198033021565887]",WIN
gc_3525895f023dc1bb,k0,k3,t_device_op_graph_us,PASS,PASS,2.1902835003320225,"[2.166393151120495, 2.215047936984916]",WIN
gc_3525895f023dc1bb,k0,k3,t_api_us,PASS,PASS,2.169461404125357,"[2.145742396567923, 2.19351251607988]",WIN
gc_3525895f023dc1bb,k1,k2,t_device_op_graph_us,PASS,PASS,1.2227433928004217,"[1.1661484358421588, 1.2535398011598338]",WIN
gc_3525895f023dc1bb,k1,k2,t_api_us,PASS,PASS,1.2228659018551982,"[1.1764479708043467, 1.2487361964778274]",WIN
gc_3525895f023dc1bb,torch_cuda_tuned,k3,t_device_op_graph_us,PASS,PASS,1.1770151499073596,"[1.170556978473729, 1.2072620670929275]",WIN
gc_3525895f023dc1bb,torch_cuda_tuned,k3,t_api_us,PASS,PASS,1.1590823518513977,"[1.152855290080833, 1.1884847416231472]",WIN
gc_2c78ab54f440d477,k0,k1,t_device_op_graph_us,PASS,PASS,2.1504480781203177,"[2.1248201006444734, 2.1991871550071824]",WIN
gc_2c78ab54f440d477,k0,k1,t_api_us,PASS,PASS,2.13704620905633,"[2.109329572503015, 2.1617596151134943]",WIN
gc_2c78ab54f440d477,k0,k2,t_device_op_graph_us,PASS,PASS,2.5090519069200394,"[2.4579843967942647, 2.5718582063272457]",WIN
gc_2c78ab54f440d477,k0,k2,t_api_us,PASS,PASS,2.4875158478086266,"[2.435218860256981, 2.5425419389436272]",WIN
gc_2c78ab54f440d477,k0,k3,t_device_op_graph_us,PASS,PASS,3.5236133368770193,"[3.495673672513474, 3.5432075261728646]",WIN
gc_2c78ab54f440d477,k0,k3,t_api_us,PASS,PASS,3.475468325509351,"[3.4478946134179957, 3.492593259465838]",WIN
gc_2c78ab54f440d477,k1,k2,t_device_op_graph_us,PASS,PASS,1.1667577247962078,"[1.126778361136961, 1.1956198240976534]",WIN
gc_2c78ab54f440d477,k1,k2,t_api_us,PASS,PASS,1.1639972206810896,"[1.127256215451641, 1.1901998956623532]",WIN
gc_2c78ab54f440d477,torch_cuda_tuned,k3,t_device_op_graph_us,PASS,PASS,1.4469571254136713,"[1.4391263085930739, 1.499393434901045]",WIN
gc_2c78ab54f440d477,torch_cuda_tuned,k3,t_api_us,PASS,PASS,1.4276088342280293,"[1.4193001477106488, 1.4799882278066967]",WIN
gc_ed9054140e50c934,k0,k1,t_device_op_graph_us,PASS,PASS,2.7042855430040893,"[2.640249971413316, 2.804516951811659]",WIN
gc_ed9054140e50c934,k0,k1,t_api_us,PASS,PASS,2.690392527971476,"[2.629601154929624, 2.787225796869229]",WIN
gc_ed9054140e50c934,k0,k2,t_device_op_graph_us,PASS,PASS,2.6770023587741503,"[2.642731053377565, 2.695567599784791]",WIN
gc_ed9054140e50c934,k0,k2,t_api_us,PASS,PASS,2.6622582764022193,"[2.624517495443833, 2.6784386738070207]",WIN
gc_ed9054140e50c934,k0,k3,t_device_op_graph_us,PASS,PASS,5.255125289429661,"[5.060111162929629, 5.456317730333988]",WIN
gc_ed9054140e50c934,k0,k3,t_api_us,PASS,PASS,5.1823136812992185,"[4.984758369712051, 5.36646904920953]",WIN
gc_ed9054140e50c934,k1,k2,t_device_op_graph_us,PASS,PASS,0.9899111303906055,"[0.9524937765220046, 1.0183597674903195]",TIE
gc_ed9054140e50c934,k1,k2,t_api_us,PASS,PASS,0.9895426963624264,"[0.9531453549216804, 1.0166334481451116]",TIE
gc_ed9054140e50c934,torch_cuda_tuned,k3,t_device_op_graph_us,PASS,PASS,1.8285177276804578,"[1.7776727659661806, 1.892576769693181]",WIN
gc_ed9054140e50c934,torch_cuda_tuned,k3,t_api_us,PASS,PASS,1.8076459589774667,"[1.7586267845613437, 1.869957759734709]",WIN
gc_76feea56f2a277a2,k0,k1,t_device_op_graph_us,PASS,PASS,3.0349142763737675,"[3.001723573165827, 3.108452039868499]",WIN
gc_76feea56f2a277a2,k0,k1,t_api_us,PASS,PASS,3.0203174070180374,"[2.9913844511290617, 3.0844526036582236]",WIN
gc_76feea56f2a277a2,k0,k2,t_device_op_graph_us,PASS,UNSUPPORTED,,,NOT_COMPARABLE
gc_76feea56f2a277a2,k0,k2,t_api_us,PASS,UNSUPPORTED,,,NOT_COMPARABLE
gc_76feea56f2a277a2,k0,k3,t_device_op_graph_us,PASS,PASS,5.176080553527977,"[5.1363724907340815, 5.295464026915522]",WIN
gc_76feea56f2a277a2,k0,k3,t_api_us,PASS,PASS,5.148520347772339,"[5.101300186518904, 5.264667752509462]",WIN
gc_76feea56f2a277a2,k1,k2,t_device_op_graph_us,PASS,UNSUPPORTED,,,NOT_COMPARABLE
gc_76feea56f2a277a2,k1,k2,t_api_us,PASS,UNSUPPORTED,,,NOT_COMPARABLE
gc_76feea56f2a277a2,torch_cuda_tuned,k3,t_device_op_graph_us,PASS,PASS,0.9234069150412383,"[0.9158586683735687, 0.9430060761532082]",LOSS
gc_76feea56f2a277a2,torch_cuda_tuned,k3,t_api_us,PASS,PASS,0.9255339988291321,"[0.9170252029491522, 0.9437131010810113]",LOSS
gc_6654cb3b1166775b,k0,k1,t_device_op_graph_us,PASS,PASS,3.202199949369183,"[3.1817786912113535, 3.219630767620491]",WIN
gc_6654cb3b1166775b,k0,k1,t_api_us,PASS,PASS,3.191996191486143,"[3.1717966217098885, 3.2089203699907896]",WIN
gc_6654cb3b1166775b,k0,k2,t_device_op_graph_us,PASS,UNSUPPORTED,,,NOT_COMPARABLE
gc_6654cb3b1166775b,k0,k2,t_api_us,PASS,UNSUPPORTED,,,NOT_COMPARABLE
gc_6654cb3b1166775b,k0,k3,t_device_op_graph_us,PASS,PASS,5.381194684062647,"[5.366382656029664, 5.4263791465939875]",WIN
gc_6654cb3b1166775b,k0,k3,t_api_us,PASS,PASS,5.358429730539861,"[5.34199146336834, 5.397252701802244]",WIN
gc_6654cb3b1166775b,k1,k2,t_device_op_graph_us,PASS,UNSUPPORTED,,,NOT_COMPARABLE
gc_6654cb3b1166775b,k1,k2,t_api_us,PASS,UNSUPPORTED,,,NOT_COMPARABLE
gc_6654cb3b1166775b,torch_cuda_tuned,k3,t_device_op_graph_us,PASS,PASS,0.45981259104769806,"[0.45652693137593964, 0.4639698876551042]",LOSS
gc_6654cb3b1166775b,torch_cuda_tuned,k3,t_api_us,PASS,PASS,0.46228272174642016,"[0.4589666573997785, 0.4662645544616348]",LOSS
gc_c7aaa37367629b96,k0,k1,t_device_op_graph_us,PASS,PASS,3.242436368817733,"[3.2382238787979354, 3.2695080248490327]",WIN
gc_c7aaa37367629b96,k0,k1,t_api_us,PASS,PASS,3.2370984053434664,"[3.234806252669065, 3.2647416894576526]",WIN
gc_c7aaa37367629b96,k0,k2,t_device_op_graph_us,PASS,UNSUPPORTED,,,NOT_COMPARABLE
gc_c7aaa37367629b96,k0,k2,t_api_us,PASS,UNSUPPORTED,,,NOT_COMPARABLE
gc_c7aaa37367629b96,k0,k3,t_device_op_graph_us,PASS,PASS,5.453972620166822,"[5.437423593788639, 5.5015498073725935]",WIN
gc_c7aaa37367629b96,k0,k3,t_api_us,PASS,PASS,5.442481360914771,"[5.428112939271673, 5.491830183922367]",WIN
gc_c7aaa37367629b96,k1,k2,t_device_op_graph_us,PASS,UNSUPPORTED,,,NOT_COMPARABLE
gc_c7aaa37367629b96,k1,k2,t_api_us,PASS,UNSUPPORTED,,,NOT_COMPARABLE
gc_c7aaa37367629b96,torch_cuda_tuned,k3,t_device_op_graph_us,PASS,PASS,0.2594289666275215,"[0.24797529259219822, 0.26408963813551645]",LOSS
gc_c7aaa37367629b96,torch_cuda_tuned,k3,t_api_us,PASS,PASS,0.26106555962916733,"[0.24911298114103422, 0.26582274868287187]",LOSS
gc_88f9078d0e7f3354,k0,k1,t_device_op_graph_us,PASS,PASS,3.024876250985909,"[3.0211362087081355, 3.0351356208074236]",WIN
gc_88f9078d0e7f3354,k0,k1,t_api_us,PASS,PASS,3.027914674182098,"[3.0182713562762706, 3.033611412382371]",WIN
gc_88f9078d0e7f3354,k0,k2,t_device_op_graph_us,PASS,UNSUPPORTED,,,NOT_COMPARABLE
gc_88f9078d0e7f3354,k0,k2,t_api_us,PASS,UNSUPPORTED,,,NOT_COMPARABLE
gc_88f9078d0e7f3354,k0,k3,t_device_op_graph_us,PASS,PASS,5.447661449728872,"[5.435051103105981, 5.46480793288905]",WIN
gc_88f9078d0e7f3354,k0,k3,t_api_us,PASS,PASS,5.440955665715016,"[5.427440432725129, 5.457755786560537]",WIN
gc_88f9078d0e7f3354,k1,k2,t_device_op_graph_us,PASS,UNSUPPORTED,,,NOT_COMPARABLE
gc_88f9078d0e7f3354,k1,k2,t_api_us,PASS,UNSUPPORTED,,,NOT_COMPARABLE
gc_88f9078d0e7f3354,torch_cuda_tuned,k3,t_device_op_graph_us,PASS,PASS,0.22324383853989865,"[0.22239083338980656, 0.22643505712306558]",LOSS
gc_88f9078d0e7f3354,torch_cuda_tuned,k3,t_api_us,PASS,PASS,0.2238260354305696,"[0.2229482809084391, 0.22703936871642438]",LOSS
gc_9318cb5a310104ac,k0,k1,t_device_op_graph_us,PASS,PASS,2.9391299716679327,"[2.9311787643906158, 2.944391660181211]",WIN
gc_9318cb5a310104ac,k0,k1,t_api_us,PASS,PASS,2.9376143491760085,"[2.930473768595588, 2.940074114679988]",WIN
gc_9318cb5a310104ac,k0,k2,t_device_op_graph_us,PASS,UNSUPPORTED,,,NOT_COMPARABLE
gc_9318cb5a310104ac,k0,k2,t_api_us,PASS,UNSUPPORTED,,,NOT_COMPARABLE
gc_9318cb5a310104ac,k0,k3,t_device_op_graph_us,PASS,PASS,5.475088699615038,"[5.47391650601755, 5.477777997467903]",WIN
gc_9318cb5a310104ac,k0,k3,t_api_us,PASS,PASS,5.4762922332656006,"[5.470413763298266, 5.480882974002681]",WIN
gc_9318cb5a310104ac,k1,k2,t_device_op_graph_us,PASS,UNSUPPORTED,,,NOT_COMPARABLE
gc_9318cb5a310104ac,k1,k2,t_api_us,PASS,UNSUPPORTED,,,NOT_COMPARABLE
gc_9318cb5a310104ac,torch_cuda_tuned,k3,t_device_op_graph_us,PASS,PASS,0.128813209185209,"[0.12862215327749568, 0.12927777706010235]",LOSS
gc_9318cb5a310104ac,torch_cuda_tuned,k3,t_api_us,PASS,PASS,0.1291456492405806,"[0.12878105125983644, 0.12952650448600936]",LOSS
